2/20/2020,25762.80932
2/19/2020,30476.00406
2/18/2020,32279.11348
2/17/2020,36992.30821
2/16/2020,35186.01304
2/15/2020,29024.12175
2/14/2020,32301.86122
2/13/2020,64929.61341
2/12/2020,50511.07008
2/11/2020,27977.59834
2/10/2020,30587.08978
2/9/2020,31734.6505
2/8/2020,25478.68067
2/7/2020,26684.27514
2/6/2020,27924.82345
2/5/2020,32850.19972
2/4/2020,32853.46351
2/3/2020,33578
2/2/2020,28289.84225
2/1/2020,30077.59167
1/31/2020,25252.56818
1/30/2020,40140.83333
1/29/2020,38500.48392
1/28/2020,29817.84362
1/27/2020,28425.0405
1/26/2020,26333.60226
1/25/2020,31017.70538
1/24/2020,35085.17445
1/23/2020,38458.68487
1/22/2020,33974.6218
1/21/2020,38070.15092
1/20/2020,35249.06925
1/19/2020,30148.71629
1/18/2020,29326.47956
1/17/2020,34940.69705
1/16/2020,37954.10373
1/15/2020,41229.83024
1/14/2020,35074.08152
1/13/2020,34986.43294
1/12/2020,29291.48481
1/11/2020,32036.95308
1/10/2020,31998.84521
1/9/2020,33554.16472
1/8/2020,80691.1522
1/7/2020,36849.98356
1/6/2020,25798.53149
1/5/2020,29464.7877
1/4/2020,29978.57521
1/3/2020,43391.61571
1/2/2020,33461.85151
1/1/2020,27832.93237
12/31/2019,26570.35072
12/30/2019,27218.48828
12/29/2019,34923.09423
12/28/2019,29696.77324
12/27/2019,27919.7212
12/26/2019,25873.02632
12/25/2019,24601.93927
12/24/2019,25846.48777
12/23/2019,31571.46827
12/22/2019,25318.6008
12/21/2019,26611.74487
12/20/2019,26749.89488
12/19/2019,28999.96262
12/18/2019,23942.51799
12/17/2019,29039.9338
12/16/2019,40735.20201
12/15/2019,24232.188
12/14/2019,25111.43656
12/13/2019,26847.18169
12/12/2019,31972.39943
12/11/2019,22678.33057
12/10/2019,26152.41953
12/9/2019,28584.63083
12/8/2019,28427.75299
12/7/2019,21835.83549
12/6/2019,23432.16555
12/5/2019,30904.40565
12/4/2019,28223.05462
12/3/2019,32347.07231
12/2/2019,22759.656
12/1/2019,15455.20306
11/30/2019,19310.61146
11/29/2019,34417.02525
11/28/2019,32026.30939
11/27/2019,35403.20334
11/26/2019,29313.19246
11/25/2019,31168.79525
11/24/2019,22200.99588
11/23/2019,19030.59972
11/22/2019,25970.37568
11/21/2019,26891.61484
11/20/2019,27312.72962
11/19/2019,30589.14307
11/18/2019,27275.7619
11/17/2019,20345.86993
11/16/2019,22490.12714
11/15/2019,28574.33244
11/14/2019,30824.10177
11/13/2019,27751.1266
11/12/2019,34195.26126
11/11/2019,31236.9125
11/10/2019,28039.36698
11/9/2019,23611.80463
11/8/2019,25597.42091
11/7/2019,37928.96557
11/6/2019,28622.81536
11/5/2019,28606.12251
11/4/2019,29132.58159
11/3/2019,25914.31049
11/2/2019,25615.5856
11/1/2019,28544.11814
10/31/2019,29590.47084
10/30/2019,27569.25
10/29/2019,27517.19137
10/28/2019,28056.53533
10/27/2019,22796.10571
10/26/2019,26343.90385
10/25/2019,26505.9034
10/24/2019,24512.04741
10/23/2019,25961.48552
10/22/2019,27217.58512
10/21/2019,27041.45594
10/20/2019,20971.52712
10/19/2019,21231.87483
10/18/2019,24201.56073
10/17/2019,34632.13624
10/16/2019,31239.08857
10/15/2019,25615.91935
10/14/2019,20790.53648
10/13/2019,15226.0759
10/12/2019,18473.81311
10/11/2019,19896.20245
10/10/2019,21224.14804
10/9/2019,20623.27586
10/8/2019,19528.35247
10/7/2019,20767.80979
10/6/2019,17180.11594
10/5/2019,16832.18254
10/4/2019,20928.72688
10/3/2019,18562.78912
10/2/2019,21641.55712
10/1/2019,18474.45209
9/30/2019,29041.90205
9/29/2019,17139.75634
9/28/2019,14483.52064
9/27/2019,19291.03671
9/26/2019,23279.64198
9/25/2019,23274.32377
9/24/2019,30490.57182
9/23/2019,23115.4986
9/22/2019,21255.98116
9/21/2019,22007.42562
9/20/2019,22243.18006
9/19/2019,20331.82555
9/18/2019,30853.65497
9/17/2019,27662.24826
9/16/2019,33601.01124
9/15/2019,19808.46982
9/14/2019,22227.81752
9/13/2019,20988.09016
9/12/2019,27836.37931
9/11/2019,24373.46638
9/10/2019,25320.508
9/9/2019,27539.17986
9/8/2019,22684.76022
9/7/2019,20002.29119
9/6/2019,25576.2804
9/5/2019,26066.47483
9/4/2019,24927.4381
9/3/2019,25297.63824
9/2/2019,31110.34561
9/1/2019,26546.94467
8/31/2019,20479.95385
8/30/2019,24077.99728
8/29/2019,30730.95757
8/28/2019,26144.73641
8/27/2019,27379.34745
8/26/2019,31080.13001
8/25/2019,22583.81124
8/24/2019,20203.42016
8/23/2019,26287.35846
8/22/2019,31817.45592
8/21/2019,31151.85064
8/20/2019,26556.02688
8/19/2019,30311.76965
8/18/2019,27076.06034
8/17/2019,25101.92603
8/16/2019,30308.18911
8/15/2019,26828.73706
8/14/2019,25688.18698
8/13/2019,27050.17949
8/12/2019,28333.78812
8/11/2019,24043.34943
8/10/2019,26520.13986
8/9/2019,26018.47952
8/8/2019,30454.67925
8/7/2019,27686.6891
8/6/2019,32184.93211
8/5/2019,31908.58658
8/4/2019,23722.31667
8/3/2019,23488.92535
8/2/2019,24667.72162
8/1/2019,26706.86103
7/31/2019,34172.83008
7/30/2019,23173.3175
7/29/2019,24928.30726
7/28/2019,18841.9422
7/27/2019,17715.84085
7/26/2019,22084.01466
7/25/2019,22167.96477
7/24/2019,22559.1484
7/23/2019,23631.24152
7/22/2019,23176.86384
7/21/2019,20490.81743
7/20/2019,21287.22992
7/19/2019,23366.21558
7/18/2019,24651.29111
7/17/2019,23852.11331
7/16/2019,27188.15021
7/15/2019,27875.55149
7/14/2019,24320.47479
7/13/2019,22132.86667
7/12/2019,23926.33105
7/11/2019,26100.86697
7/10/2019,24979.2117
7/9/2019,28567.11631
7/8/2019,34169.11079
7/7/2019,23129.67824
7/6/2019,34466.55944
7/5/2019,29319.6315
7/4/2019,27611.72664
7/3/2019,32816.80228
7/2/2019,28433.28304
7/1/2019,28284.14768
6/30/2019,24956.64922
6/29/2019,25063.07568
6/28/2019,28895.36635
6/27/2019,32792.21602
6/26/2019,37406.09677
6/25/2019,42680.24932
6/24/2019,30711.50935
6/23/2019,31659.06602
6/22/2019,35718.94398
6/21/2019,35854.5896
6/20/2019,48124.20365
6/19/2019,42513.83631
6/18/2019,39647.49433
6/17/2019,34432.70436
6/16/2019,38243.72992
6/15/2019,30020.16242
6/14/2019,33323.22701
6/13/2019,31828.69559
6/12/2019,36322.10534
6/11/2019,31288.87092
6/10/2019,30404.95026
6/9/2019,34956.41618
6/8/2019,30878.27407
6/7/2019,31744.10541
6/6/2019,30145.86788
6/5/2019,35614.79365
6/4/2019,33343.68768
6/3/2019,48171.20914
6/2/2019,33781.16644
6/1/2019,31652.51827
5/31/2019,39297.11142
5/30/2019,39045.72518
5/29/2019,34894.89276
5/28/2019,36604.74402
5/27/2019,37498.81006
5/26/2019,32976.46267
5/25/2019,41245.33663
5/24/2019,32773.7279
5/23/2019,35442.71576
5/22/2019,39287.72989
5/21/2019,44985.15906
5/20/2019,40116.68082
5/19/2019,41295.49115
5/18/2019,32710.57333
5/17/2019,32139.11994
5/16/2019,38990.71717
5/15/2019,41870.58683
5/14/2019,40757.27462
5/13/2019,31909.25668
5/12/2019,37559.23989
5/11/2019,49030.66272
5/10/2019,39408.28395
5/9/2019,36795.08678
5/8/2019,60524.01714
5/7/2019,54922.25967
5/6/2019,30678.39213
5/5/2019,47209.25072
5/4/2019,44887.04636
5/3/2019,46765.72033
5/2/2019,65006.05007
5/1/2019,42050.7561
4/30/2019,61996.3358
4/29/2019,23443.91834
4/28/2019,32567.40408
4/27/2019,32720.96978
4/26/2019,36604.9362
4/25/2019,18587.12172
4/24/2019,16901.57479
4/23/2019,21813.98762
4/22/2019,22387.91961
4/21/2019,33054.51816
4/20/2019,26500.2901
4/19/2019,32907.62321
4/18/2019,27414.35564
4/17/2019,17180.8784
4/16/2019,17975.73754
4/15/2019,17601.46124
4/14/2019,15804.4
4/13/2019,14803.26776
4/12/2019,24591.0636
4/11/2019,19718.2
4/10/2019,20132.47773
4/9/2019,19325.55983
4/8/2019,18308.84337
4/7/2019,16025.04179
4/6/2019,14811.87129
4/5/2019,15326.69221
4/4/2019,20360.01045
4/3/2019,23035.04178
4/2/2019,23636.55968
4/1/2019,18131.1726
3/31/2019,16613.53094
3/30/2019,14237.59172
3/29/2019,18193.24487
3/28/2019,19920.61813
3/27/2019,16411.26954
3/26/2019,23963.45631
3/25/2019,15915.0211
3/24/2019,14552.09677
3/23/2019,13019.33379
3/22/2019,20329.05286
3/21/2019,19852.74646
3/20/2019,17931.25806
3/19/2019,16794.48383
3/18/2019,20083.70827
3/17/2019,15642.52048
3/16/2019,16191.19211
3/15/2019,18677.24855
3/14/2019,18110.70529
3/13/2019,16978.0086
3/12/2019,14137.24739
3/11/2019,21773.87865
3/10/2019,35375.83969
3/9/2019,11184.45979
3/8/2019,14477.87464
3/7/2019,14342.69371
3/6/2019,12548.74251
3/5/2019,12961.94854
3/4/2019,12152.89905
3/3/2019,10451.26483
3/2/2019,10305.19697
3/1/2019,12838.33842
2/28/2019,13461.58582
2/27/2019,12479.15457
2/26/2019,15071.40909
2/25/2019,12902.01505
2/24/2019,14436.2
2/23/2019,11413.96943
2/22/2019,13074.00612
2/21/2019,16508.89286
2/20/2019,17207.60924
2/19/2019,18763.09865
2/18/2019,18373.46995
2/17/2019,14034.68392
2/16/2019,13539.8518
2/15/2019,16051.51705
2/14/2019,17959.95397
2/13/2019,17242.82158
2/12/2019,17421.08403
2/11/2019,12759.94429
2/10/2019,11496.88136
2/9/2019,10536.34194
2/8/2019,12513.3942
2/7/2019,12122.89496
2/6/2019,11588.68243
2/5/2019,10708.5283
2/4/2019,12844.98011
2/3/2019,12996.39197
2/2/2019,12137.51117
2/1/2019,12554.13267
1/31/2019,15172.93714
1/30/2019,12234.09821
1/29/2019,13280.2151
1/28/2019,14391.59586
1/27/2019,12428.78796
1/26/2019,11312.58752
1/25/2019,15206.77632
1/24/2019,12494.06793
1/23/2019,13283.00531
1/22/2019,19248.96991
1/21/2019,14215.81471
1/20/2019,15282.16546
1/19/2019,12679.01569
1/18/2019,17431.78331
1/17/2019,15090.29973
1/16/2019,13957.38374
1/15/2019,13687.66138
1/14/2019,16118.16523
1/13/2019,15029.37806
1/12/2019,14585.9072
1/11/2019,14487.56115
1/10/2019,16376.68564
1/9/2019,16871.98267
1/8/2019,18393.56094
1/7/2019,18211.22861
1/6/2019,20029.62195
1/5/2019,26601.53249
1/4/2019,27233.96671
1/3/2019,19365.73212
1/2/2019,20280.22704
1/1/2019,20695.61652
12/31/2018,22741.81898
12/30/2018,18953.90995
12/29/2018,18645.56311
12/28/2018,16106.62803
12/27/2018,18816.3854
12/26/2018,16312.36951
12/25/2018,14214.41997
12/24/2018,18056.08044
12/23/2018,13963.47137
12/22/2018,17550.29094
12/21/2018,22804.04223
12/20/2018,18435.93297
12/19/2018,26568.12091
12/18/2018,26538.43348
12/17/2018,18241.22299
12/16/2018,17036.53814
12/15/2018,17626.17379
12/14/2018,22568.94054
12/13/2018,18192.28771
12/12/2018,17098.9368
12/11/2018,17468.5312
12/10/2018,18078.38658
12/9/2018,16612.99172
12/8/2018,16931.9
12/7/2018,21725.40374
12/6/2018,25145.95231
12/5/2018,20828.72086
12/4/2018,18143.93166
12/3/2018,17705.80056
12/2/2018,15915.31065
12/1/2018,17756.93103
11/30/2018,16777.39615
11/29/2018,15945.83569
11/28/2018,18082.22438
11/27/2018,18490.59129
11/26/2018,34007.73978
11/25/2018,39761.59607
11/24/2018,28448.65248
11/23/2018,24245.61149
11/22/2018,17418.61472
11/21/2018,38999.02805
11/20/2018,25715.40598
11/19/2018,20034.06833
11/18/2018,17289.92899
11/17/2018,16518.70248
11/16/2018,15834.98177
11/15/2018,18660.52737
11/14/2018,82872.56714
11/13/2018,59737.23224
11/12/2018,24551.20972
11/11/2018,106328.411
11/10/2018,64500.16427
11/9/2018,19010.29589
11/8/2018,19293.8623
11/7/2018,21792.43827
11/6/2018,21607.49791
11/5/2018,20937.83758
11/4/2018,16636.89163
11/3/2018,15113.10169
11/2/2018,18224.39571
11/1/2018,50017.66106
10/31/2018,20272.53947
10/30/2018,19994.29444
10/29/2018,19943.68033
10/28/2018,18330.25108
10/27/2018,30561.09918
10/26/2018,20003.77731
10/25/2018,18953.73861
10/24/2018,20359.2438
10/23/2018,19934.87278
10/22/2018,17732.40287
10/21/2018,15632.46481
10/20/2018,14189.91469
10/19/2018,16452.05256
10/18/2018,61829.53565
10/17/2018,103287.0723
10/16/2018,94871.41394
10/15/2018,110839.8389
10/14/2018,80614.71944
10/13/2018,83156.22144
10/12/2018,79946.20395
10/11/2018,86944.56428
10/10/2018,91116.45078
10/9/2018,88420.85957
10/8/2018,98157.88936
10/7/2018,96727.64255
10/6/2018,87567.52566
10/5/2018,83267.38411
10/4/2018,95728.14121
10/3/2018,85410.57742
10/2/2018,90054.35271
10/1/2018,104978.0803
9/30/2018,81517.70676
9/29/2018,85657.03005
9/28/2018,98725.29201
9/27/2018,102521.8881
9/26/2018,94342.94564
9/25/2018,95397.54959
9/24/2018,85888.55827
9/23/2018,88048.05075
9/22/2018,81886.57808
9/21/2018,103168.6701
9/20/2018,104080.6965
9/19/2018,101640.0095
9/18/2018,113599.8999
9/17/2018,109296.4312
9/16/2018,103451.4393
9/15/2018,111243.9859
9/14/2018,107887.4395
9/13/2018,107116.2737
9/12/2018,116942.5565
9/11/2018,187221.0094
9/10/2018,127185.0667
9/9/2018,92002.46603
9/8/2018,86256.8237
9/7/2018,91160.07285
9/6/2018,93472.13464
9/5/2018,120905.0669
9/4/2018,142420.4845
9/3/2018,123253.3058
9/2/2018,97493.21264
9/1/2018,99727.56839
8/31/2018,112528.9972
8/30/2018,91850.79195
8/29/2018,100386.6676
8/28/2018,100465.1397
8/27/2018,102267.6437
8/26/2018,81861.99335
8/25/2018,92515.36879
8/24/2018,87630.2731
8/23/2018,90770.96848
8/22/2018,92850.29258
8/21/2018,94835.79749
8/20/2018,95628.38919
8/19/2018,84880.90014
8/18/2018,91606.3388
8/17/2018,92795.66667
8/16/2018,103167.9802
8/15/2018,101200.904
8/14/2018,105978.5417
8/13/2018,107167.6195
8/12/2018,87550.60544
8/11/2018,96071.73
8/10/2018,94439.16282
8/9/2018,90355.38019
8/8/2018,97424.83149
8/7/2018,98543.81843
8/6/2018,97961.40366
8/5/2018,84902.97948
8/4/2018,83137.20961
8/3/2018,91981.35724
8/2/2018,96107.57925
8/1/2018,104384.247
7/31/2018,110148.4181
7/30/2018,105440.1956
7/29/2018,97106.2289
7/28/2018,92119.49275
7/27/2018,100465.2663
7/26/2018,109990.521
7/25/2018,116302.2584
7/24/2018,117667.6662
7/23/2018,113227.7578
7/22/2018,91451.91914
7/21/2018,91649.53241
7/20/2018,110200.6009
7/19/2018,104366.6324
7/18/2018,116202.8889
7/17/2018,113203.4622
7/16/2018,93797.09277
7/15/2018,87888.20777
7/14/2018,87005.99718
7/13/2018,89995.9029
7/12/2018,98734.15395
7/11/2018,96291.98289
7/10/2018,105533.5332
7/9/2018,99682.96463
7/8/2018,91522.32297
7/7/2018,94142.80254
7/6/2018,96525.54559
7/5/2018,92368.21816
7/4/2018,104379.2507
7/3/2018,115681.8867
7/2/2018,98419.0674
7/1/2018,88817.2894
6/30/2018,91289.1728
6/29/2018,97556.6276
6/28/2018,108260.745
6/27/2018,115903.9013
6/26/2018,102070.0188
6/25/2018,111843.5147
6/24/2018,95239.62466
6/23/2018,96047.67468
6/22/2018,105224.2965
6/21/2018,100619.4493
6/20/2018,105863.0838
6/19/2018,114028.4427
6/18/2018,107749.2713
6/17/2018,92277.84115
6/16/2018,99610.34712
6/15/2018,107449.8541
6/14/2018,104718.0095
6/13/2018,107873.3257
6/12/2018,128851.6174
6/11/2018,129633.9817
6/10/2018,114179.898
6/9/2018,95406.50607
6/8/2018,120968.3277
6/7/2018,117084.7351
6/6/2018,123879.2949
6/5/2018,123076.9303
6/4/2018,129104.2276
6/3/2018,136092.9526
6/2/2018,113546.779
6/1/2018,121000.9055
5/31/2018,120316.7507
5/30/2018,123109.5338
5/29/2018,126413.7097
5/28/2018,122419.848
5/27/2018,112922.7131
5/26/2018,102070.4769
5/25/2018,116974.73
5/24/2018,126233.9813
5/23/2018,122239.5684
5/22/2018,137306.1006
5/21/2018,140688.7719
5/20/2018,117980.4582
5/19/2018,106506.5007
5/18/2018,125968.5192
5/17/2018,164643.0623
5/16/2018,132845.3078
5/15/2018,131366.8731
5/14/2018,144114.2542
5/13/2018,116821.6429
5/12/2018,121319.3555
5/11/2018,128845.1297
5/10/2018,155146.8482
5/9/2018,146089.9973
5/8/2018,133778.0529
5/7/2018,139490.014
5/6/2018,125565.1036
5/5/2018,147734.6658
5/4/2018,161516.1698
5/3/2018,192974.9749
5/2/2018,157319.256
5/1/2018,168189.0549
4/30/2018,176170.9764
4/29/2018,155033.7238
4/28/2018,158159.3226
4/27/2018,163503.339
4/26/2018,162955.6273
4/25/2018,155872.4916
4/24/2018,161938.7936
4/23/2018,161269.3681
4/22/2018,145428.9028
4/21/2018,137261.2221
4/20/2018,136669.1372
4/19/2018,150030.2177
4/18/2018,158554.8828
4/17/2018,146183.0532
4/16/2018,138765.306
4/15/2018,120651.7694
4/14/2018,115688.1949
4/13/2018,116578.4703
4/12/2018,142508.0955
4/11/2018,125649.6861
4/10/2018,105781.905
4/9/2018,95052.51114
4/8/2018,70732.08078
4/7/2018,161948.281
4/6/2018,105062.3275
4/5/2018,149607.6262
4/4/2018,73700.66577
4/3/2018,81438.95115
4/2/2018,73032.88218
4/1/2018,56763.27367
3/31/2018,59661.03779
3/30/2018,83627.1305
3/29/2018,86567.73296
3/28/2018,81869.37707
3/27/2018,73891.25936
3/26/2018,76277.57977
3/25/2018,66223.82524
3/24/2018,62252.16173
3/23/2018,73982.37826
3/22/2018,78072.3338
3/21/2018,89026.47826
3/20/2018,74935.04199
3/19/2018,80388.0029
3/18/2018,72580.58659
3/17/2018,61532.56131
3/16/2018,63693.14398
3/15/2018,85740.54123
3/14/2018,90609.68786
3/13/2018,84121.55294
3/12/2018,88557.90014
3/11/2018,72232.91511
3/10/2018,76938.58129
3/9/2018,87108.42857
3/8/2018,95470.74326
3/7/2018,92056.8509
3/6/2018,112420.2549
3/5/2018,131774.1726
3/4/2018,100003.3445
3/3/2018,107902.2586
3/2/2018,116856.0313
3/1/2018,94127.0533
2/28/2018,79291.18694
2/27/2018,109985.0163
2/26/2018,92712.89736
2/25/2018,65247.89958
2/24/2018,62431.722
2/23/2018,72074.6376
2/22/2018,96075.86767
2/21/2018,95835.57745
2/20/2018,98987.52203
2/19/2018,88058.23176
2/18/2018,73159.32917
2/17/2018,77792.16142
2/16/2018,89671.51202
2/15/2018,91524.82759
2/14/2018,100426.0087
2/13/2018,81804.61162
2/12/2018,86729.5303
2/11/2018,74731.74702
2/10/2018,89823.11095
2/9/2018,91417.41359
2/8/2018,67071.75474
2/7/2018,86363.30307
2/6/2018,97200.17339
2/5/2018,96267.81704
2/4/2018,99892.26015
2/3/2018,79537.13538
2/2/2018,128662.858
2/1/2018,105345.3445
1/31/2018,112390.9492
1/30/2018,118421.224
1/29/2018,99045.58491
1/28/2018,95196.15701
1/27/2018,99585.9924
1/26/2018,97475.34241
1/25/2018,107848.0571
1/24/2018,116446.6038
1/23/2018,115738.8342
1/22/2018,114973.7917
1/21/2018,109875.1583
1/20/2018,136274.7808
1/19/2018,117389.2827
1/18/2018,113721.6547
1/17/2018,131065.3554
1/16/2018,129477.4468
1/15/2018,125681.8716
1/14/2018,106271.1859
1/13/2018,132207.6888
1/12/2018,103748.3548
1/11/2018,125040.5943
1/10/2018,139326.2209
1/9/2018,166513.0803
1/8/2018,167845.1221
1/7/2018,168484.6298
1/6/2018,158615.1603
1/5/2018,145973.4019
1/4/2018,156818.0868
1/3/2018,166122.5776
1/2/2018,136292.0801
1/1/2018,113006.8298
12/31/2017,120191.5189
12/30/2017,145752.0059
12/29/2017,146275.5179
12/28/2017,143890.6808
12/27/2017,178303.8252
12/26/2017,139016.8659
12/25/2017,101509.7165
12/24/2017,110106.7582
12/23/2017,117208.7409
12/22/2017,139207.1645
12/21/2017,218750.6026
12/20/2017,218469.5361
12/19/2017,189775.6214
12/18/2017,161286.091
12/17/2017,161941.3603
12/16/2017,136171.7524
12/15/2017,139399.2177
12/14/2017,173031.0652
12/13/2017,202588.8265
12/12/2017,167340.2065
12/11/2017,138916.7969
12/10/2017,112892.5405
12/9/2017,111358.3316
12/8/2017,151963.9829
12/7/2017,175765.5375
12/6/2017,216239.4093
12/5/2017,195924.6282
12/4/2017,135705.211
12/3/2017,156142.114
12/2/2017,117163.672
12/1/2017,130569.6928
11/30/2017,144593.0208
11/29/2017,178002.6961
11/28/2017,155880.4712
11/27/2017,146738.3769
11/26/2017,108352.4729
11/25/2017,131181.0611
11/24/2017,132996.981
11/23/2017,153518.2841
11/22/2017,161379.9671
11/21/2017,134862.2322
11/20/2017,123272.3587
11/19/2017,93935.54905
11/18/2017,98093.0578
11/17/2017,108236.3414
11/16/2017,100238.4912
11/15/2017,113520.1442
11/14/2017,99096.79458
11/13/2017,152583.0237
11/12/2017,123641.0222
11/11/2017,122007.6979
11/10/2017,120913.3608
11/9/2017,137808.0674
11/8/2017,124680.5892
11/7/2017,150712.8711
11/6/2017,107618.6752
11/5/2017,87003.50938
11/4/2017,83415.41424
11/3/2017,98873.5231
11/2/2017,110227.5652
11/1/2017,103820.5343
10/31/2017,106504.4113
10/30/2017,113394.5028
10/29/2017,81419.77513
10/28/2017,84237.70392
10/27/2017,96417.49928
10/26/2017,91743.84668
10/25/2017,97893.67594
10/24/2017,102227.7068
10/23/2017,99975.16963
10/22/2017,85318.42228
10/21/2017,81366.11885
10/20/2017,96438.31015
10/19/2017,100003.6521
10/18/2017,99714.22348
10/17/2017,110493.5919
10/16/2017,100530.885
10/15/2017,86401.775
10/14/2017,88272.01515
10/13/2017,115561.5339
10/12/2017,103787.462
10/11/2017,84374.95125
10/10/2017,104432.1586
10/9/2017,109672.6691
10/8/2017,89367.43879
10/7/2017,75440.66086
10/6/2017,93617.76056
10/5/2017,80864.11798
10/4/2017,85524.61486
10/3/2017,96958.13881
10/2/2017,106847.0386
10/1/2017,88924.74722
9/30/2017,90968.17122
9/29/2017,99358.19499
9/28/2017,99199.23592
9/27/2017,118221.6193
9/26/2017,99379.77018
9/25/2017,100060.3946
9/24/2017,79865.48048
9/23/2017,91681.74535
9/22/2017,89899.96424
9/21/2017,90081.30236
9/20/2017,88062.43621
9/19/2017,93357.576
9/18/2017,115533.9808
9/17/2017,88905.27121
9/16/2017,71612.34366
9/15/2017,147641.7564
9/14/2017,132887.0116
9/13/2017,117045.6623
9/12/2017,100203.4161
9/11/2017,98179.53415
9/10/2017,126712.0071
9/9/2017,101530.7331
9/8/2017,138151.3015
9/7/2017,126955.6003
9/6/2017,180160.9887
9/5/2017,161172.445
9/4/2017,161583.4944
9/3/2017,121444.0388
9/2/2017,135536.2813
9/1/2017,138755.1197
8/31/2017,136077.8988
8/30/2017,252423.9288
8/29/2017,326539.9506
8/28/2017,309066.3291
8/27/2017,232422.2891
8/26/2017,249543.2363
8/25/2017,318762.441
8/24/2017,320005.909
8/23/2017,325043.1042
8/22/2017,347816.4195
8/21/2017,275108.2066
8/20/2017,89048.79273
8/19/2017,171335.8163
8/18/2017,132237.849
8/17/2017,146241.9252
8/16/2017,168312.6179
8/15/2017,171152.8601
8/14/2017,147981.0701
8/13/2017,137840.6146
8/12/2017,113591.0878
8/11/2017,123963.7237
8/10/2017,73458.03064
8/9/2017,120115.8059
8/8/2017,139600.9794
8/7/2017,117074.1893
8/6/2017,97672.57312
8/5/2017,104937.4197
8/4/2017,77794.75346
8/3/2017,105606.1823
8/2/2017,98703.87849
8/1/2017,74121.2274
7/31/2017,83343.26005
7/30/2017,79062.48841
7/29/2017,76887.66393
7/28/2017,102702.3148
7/27/2017,124067.3
7/26/2017,100322.8793
7/25/2017,110948.1575
7/24/2017,100253.4082
7/23/2017,80141.79501
7/22/2017,85255.69534
7/21/2017,100133.4909
7/20/2017,115339.7792
7/19/2017,109582.9577
7/18/2017,90395.53618
7/17/2017,107521.1441
7/16/2017,85583.91316
7/15/2017,97402.73304
7/14/2017,105389.0745
7/13/2017,103695.2885
7/12/2017,81851.65587
7/11/2017,85584.68443
7/10/2017,187593.1841
7/9/2017,89307.39833
7/8/2017,59367.27345
7/7/2017,82665.9837
7/6/2017,138880.2378
7/5/2017,111680.3097
7/4/2017,75847.64482
7/3/2017,119899.987
7/2/2017,68945.88079
7/1/2017,86679.88613
6/30/2017,78012.45809
6/29/2017,100408.1454
6/28/2017,105089.5324
6/27/2017,100273.9841
6/26/2017,142013.3841
6/25/2017,81193.68011
6/24/2017,66250.63195
6/23/2017,111005.0196
6/22/2017,72697.45798
6/21/2017,77066.48693
6/20/2017,100272.1912
6/19/2017,99842.38745
6/18/2017,80906.52452
6/17/2017,84206.60724
6/16/2017,95186.86421
6/15/2017,102288.9436
6/14/2017,123838.673
6/13/2017,119523.283
6/12/2017,130013.4828
6/11/2017,109704.8319
6/10/2017,113513.2604
6/9/2017,121801.1227
6/8/2017,84524.28533
6/7/2017,160783.668
6/6/2017,131781.8251
6/5/2017,83253.89564
6/4/2017,89217.82313
6/3/2017,75357.95291
6/2/2017,67238.02853
6/1/2017,267654.6036
5/31/2017,179548.4237
5/30/2017,98591.49929
5/29/2017,89715.55444
5/28/2017,71756.83936
5/27/2017,83913.25284
5/26/2017,110487.2705
5/25/2017,214190.0235
5/24/2017,126532.0958
5/23/2017,154775.1924
5/22/2017,100540.7214
5/21/2017,93700.75736
5/20/2017,93587.36627
5/19/2017,85820.2871
5/18/2017,106797.5882
5/17/2017,69958.75567
5/16/2017,68176.55755
5/15/2017,77131.86613
5/14/2017,68908.89542
5/13/2017,58026.87034
5/12/2017,72441.49202
5/11/2017,72555.72645
5/10/2017,80842.16338
5/9/2017,118707.4116
5/8/2017,89264.48472
5/7/2017,98016.29751
5/6/2017,73535.61735
5/5/2017,100402.6985
5/4/2017,89458.88767
5/3/2017,72442.02319
5/2/2017,73729.52434
5/1/2017,85519.70845
4/30/2017,83870.16734
4/29/2017,75701.93295
4/28/2017,66403.04775
4/27/2017,73881.44782
4/26/2017,65505.61034
4/25/2017,69858.18741
4/24/2017,62019.89867
4/23/2017,74610.19651
4/22/2017,53378.82376
4/21/2017,76297.82485
4/20/2017,66705.74312
4/19/2017,69004.61032
4/18/2017,66832.06555
4/17/2017,62792.53453
4/16/2017,61864.29315
4/15/2017,56549.97619
4/14/2017,73788.14718
4/13/2017,63407.77712
4/12/2017,61516.24759
4/11/2017,70137.14613
4/10/2017,58458.73757
4/9/2017,54978.52972
4/8/2017,61813.89467
4/7/2017,63570.79104
4/6/2017,50914.97315
4/5/2017,70630.73533
4/4/2017,67381.17015
4/3/2017,59787.28807
4/2/2017,55692.46725
4/1/2017,54201.12221
3/31/2017,65747.85892
3/30/2017,74370.27395
3/29/2017,60912.94837
3/28/2017,58126.82422
3/27/2017,68919.80058
3/26/2017,55054.38114
3/25/2017,67022.58985
3/24/2017,64871.1746
3/23/2017,59926.5
3/22/2017,74154.2185
3/21/2017,72662.17622
3/20/2017,56566.65145
3/19/2017,80490.27451
3/18/2017,69133.74126
3/17/2017,100813.3929
3/16/2017,88195.27514
3/15/2017,61669.96111
3/14/2017,63439.98241
3/13/2017,88752.00952
3/12/2017,69226.64802
3/11/2017,50440.34075
3/10/2017,56386.86859
3/9/2017,54515.08429
3/8/2017,58676.50782
3/7/2017,49117.06267
3/6/2017,65497.65957
3/5/2017,48142.79014
3/4/2017,51470.62754
3/3/2017,58109.81994
3/2/2017,59118.79918
3/1/2017,64271.51807
2/28/2017,53050.50498
2/27/2017,55666.28036
2/26/2017,45985.85695
2/25/2017,58428.23077
2/24/2017,59777.91136
2/23/2017,50141.38199
2/22/2017,47893.44892
2/21/2017,55817.54698
2/20/2017,55598.92329
2/19/2017,41683.21606
2/18/2017,47252.72861
2/17/2017,53680.13495
2/16/2017,54153.71133
2/15/2017,66314.46088
2/14/2017,54877.04658
2/13/2017,60336.93436
2/12/2017,54251.19155
2/11/2017,41348.94003
2/10/2017,59589.37917
2/9/2017,54941.95973
2/8/2017,58085.25788
2/7/2017,57623.38611
2/6/2017,49336.90885
2/5/2017,45971.82471
2/4/2017,53997.30055
2/3/2017,64164.61433
2/2/2017,51337.11724
2/1/2017,50682.4422
1/31/2017,43483.3254
1/30/2017,37355.72269
1/29/2017,35167.18208
1/28/2017,39265.4639
1/27/2017,41776.76858
1/26/2017,39793.3725
1/25/2017,43324.22768
1/24/2017,39805.51351
1/23/2017,38489.03051
1/22/2017,41118.87848
1/21/2017,42185.15922
1/20/2017,43064.32447
1/19/2017,43085.15884
1/18/2017,45503.08537
1/17/2017,47893.88777
1/16/2017,42333.10386
1/15/2017,49716.24282
1/14/2017,40194.07906
1/13/2017,40866.82327
1/12/2017,39480.42877
1/11/2017,27364.96154
1/10/2017,26300.85106
1/9/2017,12923.68559
1/8/2017,11488.61972
1/7/2017,10474.97606
1/6/2017,35059.91845
1/5/2017,17793.39038
1/4/2017,18905.44857
1/3/2017,17609.98241
1/2/2017,18741.80472
1/1/2017,9595.015299
12/31/2016,7513.006693
12/30/2016,10005.15156
12/29/2016,15528.16832
12/28/2016,18256.74609
12/27/2016,15189.44142
12/26/2016,8668.280605
12/25/2016,9797.12627
12/24/2016,7459.626807
12/23/2016,9541.517337
12/22/2016,9777.433518
12/21/2016,8044.356436
12/20/2016,8221.671033
12/19/2016,8663.763833
12/18/2016,7254.595598
12/17/2016,7408.017784
12/16/2016,7663.708058
12/15/2016,6319.383738
12/14/2016,8883.728155
12/13/2016,7761.306319
12/12/2016,7011.678873
12/11/2016,7112.121777
12/10/2016,5925.217219
12/9/2016,5798.227528
12/8/2016,5814.621838
12/7/2016,7364.810393
12/6/2016,9748.659249
12/5/2016,6104.463097
12/4/2016,5415.179126
12/3/2016,5796.064343
12/2/2016,7439.577689
12/1/2016,14524.78779
11/30/2016,9212.624824
11/29/2016,6118.904899
11/28/2016,6827.67947
11/27/2016,5513.481146
11/26/2016,5476.015727
11/25/2016,5213.629213
11/24/2016,7770.273585
11/23/2016,7532.884401
11/22/2016,10956.86888
11/21/2016,5485.362238
11/20/2016,5190.514286
11/19/2016,4596.625157
11/18/2016,11140.90483
11/17/2016,6587.468254
11/16/2016,8144.801105
11/15/2016,7739.706304
11/14/2016,7342.95896
11/13/2016,8253.780654
11/12/2016,6780.578947
11/11/2016,7431.57754
11/10/2016,6380.856115
11/9/2016,6489.314324
11/8/2016,18632.42098
11/7/2016,7185.92766
11/6/2016,4674.95212
11/5/2016,4955.983003
11/4/2016,5543.331169
11/3/2016,6869.365103
11/2/2016,7078.197674
11/1/2016,7376.541892
10/31/2016,7235.914493
10/30/2016,25757.68399
10/29/2016,9245.340486
10/28/2016,7085.292793
10/27/2016,5363.349734
10/26/2016,6700.532951
10/25/2016,7007.158774
10/24/2016,6776.342981
10/23/2016,9704.216033
10/22/2016,6747.85695
10/21/2016,6504.089261
10/20/2016,6514.545455
10/19/2016,6222.265335
10/18/2016,7290.238286
10/17/2016,8074.888726
10/16/2016,7082.038822
10/15/2016,9426.878834
10/14/2016,7490.169666
10/13/2016,6607.922753
10/12/2016,8829.826087
10/11/2016,10169.89847
10/10/2016,6855.519284
10/9/2016,8420.723214
10/8/2016,5716.87969
10/7/2016,7341.714078
10/6/2016,14263.08027
10/5/2016,8489.508271
10/4/2016,6285.434383
10/3/2016,8197.169782
10/2/2016,5585.757732
10/1/2016,7706.749267
9/30/2016,7849.050546
9/29/2016,7840.110818
9/28/2016,8873.792647
9/27/2016,6001.050781
9/26/2016,7285.895613
9/25/2016,6907.308005
9/24/2016,5683.589636
9/23/2016,5951.33195
9/22/2016,5781.160763
9/21/2016,10907.52407
9/20/2016,10932.95397
9/19/2016,7780.672593
9/18/2016,5129.534413
9/17/2016,12540.73504
9/16/2016,7205.817365
9/15/2016,6296.941489
9/14/2016,5683.812584
9/13/2016,6078.419858
9/12/2016,7083.143059
9/11/2016,7425.794872
9/10/2016,5240.04878
9/9/2016,6641.998691
9/8/2016,6962.120344
9/7/2016,9311.197497
9/6/2016,9044.348966
9/5/2016,10000.87306
9/4/2016,9629.673575
9/3/2016,22699.23864
9/2/2016,9935.18892
9/1/2016,7760.288762
8/31/2016,8291.626722
8/30/2016,9244.104775
8/29/2016,15759.68471
8/28/2016,14714.10028
8/27/2016,5095.950345
8/26/2016,6780.276435
8/25/2016,8283.14472
8/24/2016,10467.56153
8/23/2016,14037.7058
8/22/2016,12956.30658
8/21/2016,6584.661064
8/20/2016,6248.625171
8/19/2016,3934.859281
8/18/2016,5074.868715
8/17/2016,4610.04194
8/16/2016,7901.251841
8/15/2016,5614.886093
8/14/2016,3004.398868
8/13/2016,3237.449516
8/12/2016,3551.956772
8/11/2016,2910.406208
8/10/2016,3854.831224
8/9/2016,4574.240268
8/8/2016,3089.555878
8/7/2016,8067.964578
8/6/2016,4465.49403
8/5/2016,2587.553333
8/4/2016,3898.688187
8/3/2016,2702.328358
8/2/2016,3182.891176
8/1/2016,3194.891516
7/31/2016,4359.141689
7/30/2016,3208.179562
7/29/2016,2716.092391
7/28/2016,4917.530997
7/27/2016,3595.81882
7/26/2016,4011.340845
7/25/2016,3191.895803
7/24/2016,5099.910188
7/23/2016,3383.015537
7/22/2016,3375.946027
7/21/2016,3962.701262
7/20/2016,3855.381992
7/19/2016,3324.018678
7/18/2016,3930.771208
7/17/2016,4553.329394
7/16/2016,2767.804809
7/15/2016,3793.516529
7/14/2016,2961.83268
7/13/2016,4779.850575
7/12/2016,3573.236413
7/11/2016,3772.244253
7/10/2016,3366.774406
7/9/2016,3200.086006
7/8/2016,5983.532148
7/7/2016,6709.429134
7/6/2016,6468.399441
7/5/2016,3938.807092
7/4/2016,3897.951872
7/3/2016,4196.940397
7/2/2016,3140.94837
7/1/2016,2779.843662
6/30/2016,4228.588319
6/29/2016,4609.771654
6/28/2016,4319.540845
6/27/2016,4419.712329
6/26/2016,2644.418182
6/25/2016,3225.445887
6/24/2016,3853.458716
6/23/2016,3449.340087
6/22/2016,3794.568306
6/21/2016,3883.360913
6/20/2016,5480.970506
6/19/2016,4143.04717
6/18/2016,9411.974138
6/17/2016,4748.024064
6/16/2016,6856.026761
6/15/2016,6519.365303
6/14/2016,3458.182706
6/13/2016,4878.696011
6/12/2016,3653.576613
6/11/2016,3218.427198
6/10/2016,2772.455202
6/9/2016,4110.218359
6/8/2016,3836.952694
6/7/2016,2505.479167
6/6/2016,4505.236417
6/5/2016,3162.88042
6/4/2016,4751.047757
6/3/2016,2286.983333
6/2/2016,2765.949086
6/1/2016,6630.28
5/31/2016,4153.237716
5/30/2016,5948.055398
5/29/2016,6657.98069
5/28/2016,2885.792553
5/27/2016,7597.528614
5/26/2016,2606.619891
5/25/2016,6384.806543
5/24/2016,3884.353024
5/23/2016,2644.878151
5/22/2016,3137.568871
5/21/2016,3553.042614
5/20/2016,3237.695771
5/19/2016,3653.08078
5/18/2016,2551.524425
5/17/2016,3398.680851
5/16/2016,5822.990305
5/15/2016,3384.919098
5/14/2016,2899.766342
5/13/2016,4574.883721
5/12/2016,4337.449438
5/11/2016,3198.025424
5/10/2016,2932.59808
5/9/2016,2834.931686
5/8/2016,2579.60749
5/7/2016,2327.292328
5/6/2016,3300.832845
5/5/2016,3178.587658
5/4/2016,3214.690885
5/3/2016,2471.005642
5/2/2016,3448.043662
5/1/2016,2490.732064
4/30/2016,2814.369536
4/29/2016,5669.03548
4/28/2016,3915.96832
4/27/2016,7820.082353
4/26/2016,2966.587169
4/25/2016,2847.865906
4/24/2016,3588.64177
4/23/2016,3153.917261
4/22/2016,3491.303279
4/21/2016,4045.568182
4/20/2016,3285.974825
4/19/2016,3682.594483
4/18/2016,3227.550824
4/17/2016,8173.103448
4/16/2016,3795.870968
4/15/2016,8583.726124
4/14/2016,13597.40916
4/13/2016,2846.645586
4/12/2016,4029.090287
4/11/2016,5778.857143
4/10/2016,4101.178622
4/9/2016,4405.119424
4/8/2016,4000.712834
4/7/2016,3693.551618
4/6/2016,4155.09037
4/5/2016,3915.097734
4/4/2016,4270.937995
4/3/2016,6313.611342
4/2/2016,23556.47042
4/1/2016,2644.783311
3/31/2016,9541.434402
3/30/2016,5604.844567
3/29/2016,7033.339367
3/28/2016,6612.118351
3/27/2016,9435.467877
3/26/2016,11464.00678
3/25/2016,10931.22655
3/24/2016,7610.169514
3/23/2016,3689.673733
3/22/2016,3532.916138
3/21/2016,2759.356364
3/20/2016,3884.246992
3/19/2016,2580.991724
3/18/2016,3104.934165
3/17/2016,1361.113276
3/16/2016,1401.500343
3/15/2016,2567.450425
3/14/2016,1706.869014
3/13/2016,2533.308029
3/12/2016,1564.092762
3/11/2016,1452.091034
3/10/2016,2034.555085
3/9/2016,2004.512333
3/8/2016,1675.098582
3/7/2016,3602.401088
3/6/2016,3369.559471
3/5/2016,4942.538835
3/4/2016,6184.17256
3/3/2016,3307.517097
3/2/2016,1411.415352
3/1/2016,1925.757682
2/29/2016,1721.566065
2/28/2016,1373.566308
2/27/2016,1838.977208
2/26/2016,1619.229078
2/25/2016,1617.18737
2/24/2016,1709.292929
2/23/2016,1409.591649
2/22/2016,1533.696229
2/21/2016,1428.402227
2/20/2016,1480
2/19/2016,1602.329772
2/18/2016,1268.497863
2/17/2016,2386.150733
2/16/2016,3607.81703
2/15/2016,2134.72
2/14/2016,2601.905582
2/13/2016,5366.228933
2/12/2016,1204.735336
2/11/2016,1716.375265
2/10/2016,1749.672438
2/9/2016,1216.934936
2/8/2016,1073.464385
2/7/2016,1538.472106
2/6/2016,1190.577586
2/5/2016,1158.009366
2/4/2016,1595.345295
2/3/2016,1313.235683
2/2/2016,2223.860679
2/1/2016,1093.400439
1/31/2016,1307.447761
1/30/2016,1051.250183
1/29/2016,1308.43391
1/28/2016,2233.206897
1/27/2016,1816.558602
1/26/2016,1186.839224
1/25/2016,1720.87274
1/24/2016,2197.062932
1/23/2016,1837.503114
1/22/2016,1562.68291
1/21/2016,1879.108711
1/20/2016,3049.128028
1/19/2016,3011.547238
1/18/2016,6569.858757
1/17/2016,1729.409766
1/16/2016,1346.255408
1/15/2016,1390.223195
1/14/2016,1342.931469
1/13/2016,1363.823789
1/12/2016,1127.486886
1/11/2016,1580.02298
1/10/2016,1598.7894
1/9/2016,1313.119413
1/8/2016,1571.057284
1/7/2016,1177.93393
1/6/2016,1672.829197
1/5/2016,1327.942697
1/4/2016,4018.261803
1/3/2016,1257.252137
1/2/2016,1493.656381
1/1/2016,1355.776214
12/31/2015,1399.223563
12/30/2015,1513.61243
12/29/2015,2807.11656
12/28/2015,1042.90562
12/27/2015,1249.13103
12/26/2015,2295.277032
12/25/2015,1036.684426
12/24/2015,1361.21308
12/23/2015,1393.87165
12/22/2015,1610.714909
12/21/2015,1589.463748
12/20/2015,2535.977223
12/19/2015,1182.995119
12/18/2015,1155.308803
12/17/2015,1348.693372
12/16/2015,1493.48645
12/15/2015,1508.604419
12/14/2015,1554.141931
12/13/2015,1712.620944
12/12/2015,1736.850214
12/11/2015,2682.257322
12/10/2015,1435.846962
12/9/2015,1334.527412
12/8/2015,1134.057123
12/7/2015,1371.762748
12/6/2015,1438.673975
12/5/2015,1552.74048
12/4/2015,1423.144611
12/3/2015,1587.824875
12/2/2015,1398.509066
12/1/2015,1389.697057
11/30/2015,1936.144907
11/29/2015,1407.087866
11/28/2015,1141.790953
11/27/2015,1365.726888
11/26/2015,1320.515546
11/25/2015,973.4313584
11/24/2015,1233.128136
11/23/2015,1183.955648
11/22/2015,1217.777858
11/21/2015,1135.397328
11/20/2015,1272.494342
11/19/2015,1308.179671
11/18/2015,1341.264041
11/17/2015,1413.816191
11/16/2015,1227.708304
11/15/2015,1228.688841
11/14/2015,944.9498607
11/13/2015,1102.510714
11/12/2015,989.6157083
11/11/2015,1251.989216
11/10/2015,2270.323895
11/9/2015,1383.688525
11/8/2015,1114.36686
11/7/2015,928.2751061
11/6/2015,1190.440028
11/5/2015,2175.474039
11/4/2015,2759.425439
11/3/2015,1559.786897
11/2/2015,1399.524188
11/1/2015,1253.839437
10/31/2015,2368.341275
10/30/2015,1198.088235
10/29/2015,1524.642706
10/28/2015,1402.298195
10/27/2015,1906.923077
10/26/2015,1873.111431
10/25/2015,1802.906077
10/24/2015,1217.89916
10/23/2015,1686.241611
10/22/2015,2250.485693
10/21/2015,1493.597569
10/20/2015,1371.885328
10/19/2015,1558.491744
10/18/2015,1227.581717
10/17/2015,1229.13881
10/16/2015,1198.790714
10/15/2015,1382.611151
10/14/2015,1966.550141
10/13/2015,1124.227557
10/12/2015,1405.716449
10/11/2015,3950.678152
10/10/2015,1068.287316
10/9/2015,2278.465347
10/8/2015,1639.973937
10/7/2015,1881.405277
10/6/2015,1277.589197
10/5/2015,1212.54823
10/4/2015,1676.82952
10/3/2015,1103.879501
10/2/2015,1639.306924
10/1/2015,1226.559943
9/30/2015,1515.61501
9/29/2015,1301.350451
9/28/2015,1765.273759
9/27/2015,1256.495112
9/26/2015,1699.477446
9/25/2015,1536.866065
9/24/2015,1377.62211
9/23/2015,1460.988912
9/22/2015,1180.315039
9/21/2015,1344.576761
9/20/2015,1206.150171
9/19/2015,1523.023743
9/18/2015,1786.930398
9/17/2015,1403.870854
9/16/2015,2372.530917
9/15/2015,1839.520804
9/14/2015,1660.133005
9/13/2015,1361.248571
9/12/2015,1079.887712
9/11/2015,1662.867978
9/10/2015,1726.887176
9/9/2015,1692.902103
9/8/2015,1048.193159
9/7/2015,1163.881633
9/6/2015,1574.640952
9/5/2015,1201.622003
9/4/2015,1391.411596
9/3/2015,3098.343076
9/2/2015,1106.57396
9/1/2015,1227.619013
8/31/2015,1776.578837
8/30/2015,1165.099017
8/29/2015,1099.10662
8/28/2015,1504.030154
8/27/2015,1290.288952
8/26/2015,1540.053815
8/25/2015,1443.149028
8/24/2015,1519.719031
8/23/2015,1074.5133
8/22/2015,1518.122348
8/21/2015,1665.436759
8/20/2015,1212.564902
8/19/2015,992.1906475
8/18/2015,1316.913192
8/17/2015,1518.990291
8/16/2015,2202.514894
8/15/2015,1484.029181
8/14/2015,1028.898499
8/13/2015,1207.343427
8/12/2015,1521.453297
8/11/2015,2189.385417
8/10/2015,1372.876587
8/9/2015,2271.488534
8/8/2015,1894.04463
8/7/2015,2112.121254
8/6/2015,3041.675123
8/5/2015,1767.457554
8/4/2015,1397.562811
8/3/2015,1965.086987
8/2/2015,1917.748059
8/1/2015,1247.349108
7/31/2015,1635.416435
7/30/2015,1574.870545
7/29/2015,1374.62706
7/28/2015,2110.407698
7/27/2015,1290.319531
7/26/2015,3066.716459
7/25/2015,1615.920463
7/24/2015,1168.660041
7/23/2015,1282.393544
7/22/2015,1528.455833
7/21/2015,1779.264457
7/20/2015,1539.308813
7/19/2015,1561.461057
7/18/2015,1418.687099
7/17/2015,1037.152094
7/16/2015,1244.277545
7/15/2015,1371.152295
7/14/2015,1264.37605
7/13/2015,1632.848208
7/12/2015,1567.835674
7/11/2015,1969.689189
7/10/2015,1449.098164
7/9/2015,1298.709002
7/8/2015,2354.810417
7/7/2015,1129.465199
7/6/2015,1639.136585
7/5/2015,1244.384778
7/4/2015,1287.063326
7/3/2015,1552.378227
7/2/2015,1893.362676
7/1/2015,1483.725931
6/30/2015,1314.783046
6/29/2015,1869.535202
6/28/2015,1539.120377
6/27/2015,1287.785376
6/26/2015,1360.098464
6/25/2015,1449.980082
6/24/2015,1296.126761
6/23/2015,1653.100719
6/22/2015,1446.373511
6/21/2015,1339.79055
6/20/2015,1685.733843
6/19/2015,1189.479167
6/18/2015,2747.243497
6/17/2015,3196.043418
6/16/2015,1177.348485
6/15/2015,1538.453102
6/14/2015,1544.348821
6/13/2015,1190.622329
6/12/2015,1738.180614
6/11/2015,2134.923675
6/10/2015,1966.527465
6/9/2015,1490.01567
6/8/2015,1405.344972
6/7/2015,2113.812682
6/6/2015,1482.210456
6/5/2015,1373.164601
6/4/2015,1373.935989
6/3/2015,1184.322022
6/2/2015,1366.78684
6/1/2015,1340.36804
5/31/2015,1326.554167
5/30/2015,1636.332646
5/29/2015,1485.98556
5/28/2015,1355.019108
5/27/2015,1368.79507
5/26/2015,1189.148686
5/25/2015,1553.264433
5/24/2015,1362.325452
5/23/2015,1107.941093
5/22/2015,1474.186532
5/21/2015,1330.407746
5/20/2015,1644.063121
5/19/2015,3217.811218
5/18/2015,1808.60274
5/17/2015,1541.306011
5/16/2015,1918.727019
5/15/2015,1320.426531
5/14/2015,1261.60346
5/13/2015,1413.12646
5/12/2015,1778.877358
5/11/2015,1605.579164
5/10/2015,1321.601551
5/9/2015,1305.932815
5/8/2015,1615.497226
5/7/2015,1126.163081
5/6/2015,2053.100699
5/5/2015,1578.386396
5/4/2015,2040.898734
5/3/2015,1476.533803
5/2/2015,1270.453222
5/1/2015,1560.245589
4/30/2015,1393.06718
4/29/2015,1603.799439
4/28/2015,1535.841994
4/27/2015,1446.054431
4/26/2015,1325.462482
4/25/2015,1362.245399
4/24/2015,1442.269204
4/23/2015,1517.42069
4/22/2015,1616.369736
4/21/2015,1904.81728
4/20/2015,2199.589884
4/19/2015,1573.054913
4/18/2015,1417.70229
4/17/2015,1871.164681
4/16/2015,1957.593923
4/15/2015,1646.495489
4/14/2015,1412.973389
4/13/2015,1738.943038
4/12/2015,1468.890592
4/11/2015,1544.730876
4/10/2015,1562.875172
4/9/2015,2016.990701
4/8/2015,1778.756588
4/7/2015,1521.538462
4/6/2015,1520.465297
4/5/2015,2168.978276
4/4/2015,2160.226032
4/3/2015,1830.638122
4/2/2015,1820.494766
4/1/2015,2642.923239
3/31/2015,4760.165182
3/30/2015,2055.122917
3/29/2015,2689.708645
3/28/2015,2011.009059
3/27/2015,1623.605911
3/26/2015,2595.088359
3/25/2015,2311.831615
3/24/2015,1741.389437
3/23/2015,2580.306554
3/22/2015,2826.573571
3/21/2015,1857.92712
3/20/2015,1556.620906
3/19/2015,2223.492414
3/18/2015,1613.981145
3/17/2015,2646.321075
3/16/2015,2975.791896
3/15/2015,2085.70014
3/14/2015,1918.243011
3/13/2015,1857.610625
3/12/2015,2103.153462
3/11/2015,2569.209952
3/10/2015,3979.811111
3/9/2015,1980.118964
3/8/2015,1555.218169
3/7/2015,2154.842798
3/6/2015,1920.942308
3/5/2015,2444.819708
3/4/2015,2464.380919
3/3/2015,4016.213893
3/2/2015,2073.713684
3/1/2015,2210.392211
2/28/2015,2819.151034
2/27/2015,1533.18214
2/26/2015,2201.779708
2/25/2015,1721.023605
2/24/2015,2655.702532
2/23/2015,2960.955193
2/22/2015,1319.305939
2/21/2015,1508.072078
2/20/2015,1758.919242
2/19/2015,1684.589459
2/18/2015,1883.428175
2/17/2015,1482.031442
2/16/2015,1488.849407
2/15/2015,1622.021843
2/14/2015,1750.628196
2/13/2015,1952.939759
2/12/2015,2113.667132
2/11/2015,1727.298747
2/10/2015,1351.53564
2/9/2015,1617.166903
2/8/2015,1567.963094
2/7/2015,3349.022788
2/6/2015,1673.017606
2/5/2015,2005.623619
2/4/2015,1525.116065
2/3/2015,1782.065539
2/2/2015,1711.22721
2/1/2015,1771.58518
1/31/2015,1599.221902
1/30/2015,1553.49455
1/29/2015,1580.353276
1/28/2015,1615.670715
1/27/2015,2131.335719
1/26/2015,3368.490832
1/25/2015,1429.633472
1/24/2015,1189.385625
1/23/2015,1434.925539
1/22/2015,2561.486121
1/21/2015,1915.656055
1/20/2015,1552.324574
1/19/2015,1986.868603
1/18/2015,1200.56984
1/17/2015,1764.977044
1/16/2015,1407.833801
1/15/2015,1512.716724
1/14/2015,2043.002805
1/13/2015,1753.694134
1/12/2015,1483.298738
1/11/2015,1796.102273
1/10/2015,1941.950954
1/9/2015,1359.484144
1/8/2015,1784.762474
1/7/2015,1965.39375
1/6/2015,2095.068807
1/5/2015,3199.145287
1/4/2015,1611.794942
1/3/2015,1569.660485
1/2/2015,1406.138732
1/1/2015,1316.940364
12/31/2014,1702.951511
12/30/2014,2505.434602
12/29/2014,2333.43679
12/28/2014,2445.392562
12/27/2014,2013.191967
12/26/2014,1962.752658
12/25/2014,2365.807453
12/24/2014,2710.836705
12/23/2014,1684.246436
12/22/2014,2235.673036
12/21/2014,1728.002073
12/20/2014,8851.615162
12/19/2014,4833.515906
12/18/2014,2268.344078
12/17/2014,3313.879914
12/16/2014,2185.954103
12/15/2014,2054.66596
12/14/2014,1626.839199
12/13/2014,1833.147576
12/12/2014,2072.264666
12/11/2014,2103.126301
12/10/2014,1968.716059
12/9/2014,1992.873861
12/8/2014,2682.176471
12/7/2014,1643.403497
12/6/2014,1689.987772
12/5/2014,1920.912389
12/4/2014,2501.253121
12/3/2014,2045.587213
12/2/2014,2478.716838
12/1/2014,2299.625269
11/30/2014,2182.504818
11/29/2014,1686.642177
11/28/2014,1985.375346
11/27/2014,2450.006276
11/26/2014,2421.206259
11/25/2014,2996.446635
11/24/2014,2080.111588
11/23/2014,1992.401256
11/22/2014,1322.510593
11/21/2014,1530.481126
11/20/2014,1281.709402
11/19/2014,1908.860335
11/18/2014,2332.300562
11/17/2014,2326.146426
11/16/2014,1969.051209
11/15/2014,2083.065527
11/14/2014,1907.947263
11/13/2014,2131.534605
11/12/2014,3922.411073
11/11/2014,1794.828261
11/10/2014,2421.379449
11/9/2014,2286.894251
11/8/2014,1870.396899
11/7/2014,1797.926863
11/6/2014,1712.97739
11/5/2014,1682.405325
11/4/2014,1993.945205
11/3/2014,2488.819303
11/2/2014,1559.073257
11/1/2014,1462.650937
10/31/2014,1722.802175
10/30/2014,2212.299376
10/29/2014,2467.373297
10/28/2014,2282.787111
10/27/2014,4660.805
10/26/2014,2755.186296
10/25/2014,2350.729885
10/24/2014,2651.01571
10/23/2014,2357.421522
10/22/2014,2503.286214
10/21/2014,2088.681492
10/20/2014,2780.67382
10/19/2014,1972.226148
10/18/2014,1689.94935
10/17/2014,2291.756776
10/16/2014,2039.142244
10/15/2014,2234.111806
10/14/2014,2463.088319
10/13/2014,2651.848991
10/12/2014,2591.982783
10/11/2014,2270.805671
10/10/2014,2758.442748
10/9/2014,2418.641667
10/8/2014,2646.326102
10/7/2014,2311.455313
10/6/2014,2122.693906
10/5/2014,2444.6
10/4/2014,2095.605318
10/3/2014,2399.142057
10/2/2014,2024.91974
10/1/2014,2866.548567
9/30/2014,3049.484132
9/29/2014,2991.759259
9/28/2014,2746.630435
9/27/2014,2509.363309
9/26/2014,2167.164447
9/25/2014,2173.103814
9/24/2014,2246.530154
9/23/2014,3148.919366
9/22/2014,2720.696429
9/21/2014,5173.545718
9/20/2014,2964
9/19/2014,3484.841019
9/18/2014,3852.928823
9/17/2014,4483.201137
9/16/2014,3890.049758
9/15/2014,3248.428364
9/14/2014,2414.410968
9/13/2014,2682.492414
9/12/2014,2785.725962
9/11/2014,2912.274825
9/10/2014,3247.918498
9/9/2014,2973.700628
9/8/2014,3291.917878
9/7/2014,2601.436782
9/6/2014,2673.627939
9/5/2014,2753.979196
9/4/2014,9588.781893
9/3/2014,17945.83392
9/2/2014,3905.516243
9/1/2014,3371.313236
8/31/2014,4732.5
8/30/2014,3725.577687
8/29/2014,3622.456357
8/28/2014,3912.682529
8/27/2014,3933.742775
8/26/2014,3390.636176
8/25/2014,4885.762278
8/24/2014,12145.44936
8/23/2014,14717.77523
8/22/2014,4838.967653
8/21/2014,5253.348033
8/20/2014,7143.478322
8/19/2014,4883.870605
8/18/2014,5090.65411
8/17/2014,4433.79573
8/16/2014,4285.62086
8/15/2014,4788.799043
8/14/2014,7557.064869
8/13/2014,4878.659574
8/12/2014,5926.063994
8/11/2014,4810.296588
8/10/2014,4294.811836
8/9/2014,4673.817811
8/8/2014,4437.978172
8/7/2014,4308.21408
8/6/2014,6057.209622
8/5/2014,3963.151811
8/4/2014,5461.990903
8/3/2014,4537.945758
8/2/2014,4166.324113
8/1/2014,5313.41049
7/31/2014,5268.786486
7/30/2014,5149.992221
7/29/2014,5787.541353
7/28/2014,4619.100694
7/27/2014,4390.452565
7/26/2014,4024.036628
7/25/2014,4386.032192
7/24/2014,4420.893799
7/23/2014,4758.62824
7/22/2014,4922.596974
7/21/2014,5490.995778
7/20/2014,4328.230663
7/19/2014,4547.693213
7/18/2014,5706.079057
7/17/2014,7712.158891
7/16/2014,6213.651475
7/15/2014,4874.478201
7/14/2014,4038.261084
7/13/2014,5173.697626
7/12/2014,3792.794321
7/11/2014,4555.936798
7/10/2014,4084.409563
7/9/2014,4164.974198
7/8/2014,4412.175402
7/7/2014,4456.723647
7/6/2014,4341.342573
7/5/2014,3573.298305
7/4/2014,4126.237113
7/3/2014,4966.988996
7/2/2014,4534.970085
7/1/2014,4340.220628
6/30/2014,5258.956104
6/29/2014,4377.087134
6/28/2014,4627.859155
6/27/2014,5521.797521
6/26/2014,6242.549863
6/25/2014,6446.369581
6/24/2014,8820.222772
6/23/2014,11740.97994
6/22/2014,9370.055227
6/21/2014,13195.93787
6/20/2014,10297.03711
6/19/2014,11576.40345
6/18/2014,9532.344613
6/17/2014,12298.85245
6/16/2014,19438.28562
6/15/2014,21681.01141
6/14/2014,19062.05913
6/13/2014,16828.42828
6/12/2014,13650.20808
6/11/2014,10949.3544
6/10/2014,12019.41366
6/9/2014,11731.17085
6/8/2014,9493.66457
6/7/2014,9167.622788
6/6/2014,10844.27152
6/5/2014,9081.77306
6/4/2014,6760.218565
6/3/2014,6802.749302
6/2/2014,4490.136986
6/1/2014,5490.275191
5/31/2014,4868.487243
5/30/2014,5281.167832
5/29/2014,6386.271318
5/28/2014,5674.878511
5/27/2014,12002.92654
5/26/2014,11775.39597
5/25/2014,10247.78047
5/24/2014,7872.634772
5/23/2014,5873.557706
5/22/2014,4881.065667
5/21/2014,2860.032168
5/20/2014,2725.801435
5/19/2014,4097.989011
5/18/2014,1113.762688
5/17/2014,2246.882237
5/16/2014,1400.083534
5/15/2014,1764.309574
5/14/2014,1098.47893
5/13/2014,1602.384615
5/12/2014,3840.541783
5/11/2014,1871.309328
5/10/2014,1374.69103
5/9/2014,1650.648579
5/8/2014,621.9790115
5/7/2014,1203.088836
5/6/2014,2294.871042
5/5/2014,1376.356923
5/4/2014,2127.42315
5/3/2014,780.730916
5/2/2014,963.0225614
5/1/2014,640.8775087
4/30/2014,575.7708628
4/29/2014,1223.609724
4/28/2014,2925.520833
4/27/2014,1206.615786
4/26/2014,597.6590909
4/25/2014,1330.748102
4/24/2014,415.6034602
4/23/2014,566.5155732
4/22/2014,462.3353741
4/21/2014,388.4948139
4/20/2014,402.0560634
4/19/2014,473.0036873
4/18/2014,375.4338983