2/20/2020,0.03690010102
2/19/2020,0.036950637
2/18/2020,0.03700949481
2/17/2020,0.0370630088
2/16/2020,0.03712255315
2/15/2020,0.03717570086
2/14/2020,0.03723049513
2/13/2020,0.03728607989
2/12/2020,0.03733341221
2/11/2020,0.03738638142
2/10/2020,0.03743667191
2/9/2020,0.03749093983
2/8/2020,0.03755612496
2/7/2020,0.03760568477
2/6/2020,0.03765526632
2/5/2020,0.03771519459
2/4/2020,0.03778166786
2/3/2020,0.03783164637
2/2/2020,0.03788608235
2/1/2020,0.03794875747
1/31/2020,0.03799744676
1/30/2020,0.03805163416
1/29/2020,0.03811939475
1/28/2020,0.0381705602
1/27/2020,0.03822747779
1/26/2020,0.03828636019
1/25/2020,0.03834678063
1/24/2020,0.03839502269
1/23/2020,0.03845456493
1/22/2020,0.03851421677
1/21/2020,0.03856738226
1/20/2020,0.03862595413
1/19/2020,0.03867726381
1/18/2020,0.03872848749
1/17/2020,0.03878637488
1/16/2020,0.03884707503
1/15/2020,0.03890217645
1/14/2020,0.03896390198
1/13/2020,0.03901988928
1/12/2020,0.03908674488
1/11/2020,0.03914120617
1/10/2020,0.039192386
1/9/2020,0.03925672443
1/8/2020,0.03931644878
1/7/2020,0.03938767311
1/6/2020,0.0394354971
1/5/2020,0.03950058639
1/4/2020,0.03955610682
1/3/2020,0.03961477052
1/2/2020,0.03966659633
1/1/2020,0.03973960856
12/31/2019,0.03979284249
12/30/2019,0.03983871207
12/29/2019,0.03990250049
12/28/2019,0.03996204633
12/27/2019,0.04001965159
12/26/2019,0.04007101761
12/25/2019,0.04013242127
12/24/2019,0.04019132531
12/23/2019,0.04025144131
12/22/2019,0.04031296208
12/21/2019,0.04036910124
12/20/2019,0.04042827593
12/19/2019,0.040498403
12/18/2019,0.04054754765
12/17/2019,0.04060377363
12/16/2019,0.04066600371
12/15/2019,0.04072214861
12/14/2019,0.04077657455
12/13/2019,0.04083872794
12/12/2019,0.04089922205
12/11/2019,0.04095704682
12/10/2019,0.04100631973
12/9/2019,0.04107274544
12/8/2019,0.04113982311
12/7/2019,0.04118790299
12/6/2019,0.04125104082
12/5/2019,0.04131122146
12/4/2019,0.04136087131
12/3/2019,0.04141922583
12/2/2019,0.04147567405
12/1/2019,0.04152521342
11/30/2019,0.04156759331
11/29/2019,0.04163064106
11/28/2019,0.04168823581
11/27/2019,0.04174987162
11/26/2019,0.04180661296
11/25/2019,0.04187609106
11/24/2019,0.04193499117
11/23/2019,0.04199247348
11/22/2019,0.04205380776
11/21/2019,0.04211210559
11/20/2019,0.04216599677
11/19/2019,0.04222905735
11/18/2019,0.04230004066
11/17/2019,0.04235352305
11/16/2019,0.04241918831
11/15/2019,0.04247710827
11/14/2019,0.04255038058
11/13/2019,0.04260109681
11/12/2019,0.04267251325
11/11/2019,0.04273503629
11/10/2019,0.04279815555
11/9/2019,0.04285896797
11/8/2019,0.04292071289
11/7/2019,0.04299226865
11/6/2019,0.04303754484
11/5/2019,0.04310262131
11/4/2019,0.04317142774
11/3/2019,0.04323723067
11/2/2019,0.04329614952
11/1/2019,0.04335653151
10/31/2019,0.04343339295
10/30/2019,0.04349194708
10/29/2019,0.04355663884
10/28/2019,0.04362111223
10/27/2019,0.04368269712
10/26/2019,0.04374920835
10/25/2019,0.04381027522
10/24/2019,0.0438830914
10/23/2019,0.04394816197
10/22/2019,0.04400586983
10/21/2019,0.04408116237
10/20/2019,0.04415308558
10/19/2019,0.04421397098
10/18/2019,0.04428104139
10/17/2019,0.04430703685
10/16/2019,0.0443685577
10/15/2019,0.04442701183
10/14/2019,0.04449360129
10/13/2019,0.04455506365
10/12/2019,0.04461851169
10/11/2019,0.04469074307
10/10/2019,0.04476103934
10/9/2019,0.04482937798
10/8/2019,0.0448883121
10/7/2019,0.04495164061
10/6/2019,0.04501822323
10/5/2019,0.04508002425
10/4/2019,0.04516040186
10/3/2019,0.04521674099
10/2/2019,0.04527823484
10/1/2019,0.04535027607
9/30/2019,0.04540833223
9/29/2019,0.04548082992
9/28/2019,0.04554640485
9/27/2019,0.04561974847
9/26/2019,0.04568458575
9/25/2019,0.04574558159
9/24/2019,0.04581191126
9/23/2019,0.04588386674
9/22/2019,0.04595727649
9/21/2019,0.046026386
9/20/2019,0.04608670164
9/19/2019,0.04615237667
9/18/2019,0.04622839508
9/17/2019,0.04629437705
9/16/2019,0.04637010985
9/15/2019,0.04643019195
9/14/2019,0.04650022716
9/13/2019,0.04656692475
9/12/2019,0.04663893632
9/11/2019,0.04670972766
9/10/2019,0.0467808816
9/9/2019,0.04684287
9/8/2019,0.04691367315
9/7/2019,0.04698243204
9/6/2019,0.04706248175
9/5/2019,0.047128262
9/4/2019,0.04719849954
9/3/2019,0.04726439723
9/2/2019,0.04734032166
9/1/2019,0.04740418983
8/31/2019,0.04748237416
8/30/2019,0.04754892408
8/29/2019,0.04762659775
8/28/2019,0.04769379386
8/27/2019,0.04777117951
8/26/2019,0.04783894696
8/25/2019,0.04792049754
8/24/2019,0.0479817853
8/23/2019,0.04805607734
8/22/2019,0.04812106284
8/21/2019,0.04819629296
8/20/2019,0.04826324122
8/19/2019,0.04833675348
8/18/2019,0.04840928253
8/17/2019,0.04848224761
8/16/2019,0.04855474966
8/15/2019,0.04862125746
8/14/2019,0.04869258411
8/13/2019,0.04876958538
8/12/2019,0.04883565722
8/11/2019,0.04891358349
8/10/2019,0.04898178997
8/9/2019,0.0490428714
8/8/2019,0.04912611211
8/7/2019,0.04919650562
8/6/2019,0.04927536632
8/5/2019,0.04934261445
8/4/2019,0.04941822753
8/3/2019,0.04948476646
8/2/2019,0.04955639121
8/1/2019,0.04962650569
7/31/2019,0.04970722381
7/30/2019,0.04977257715
7/29/2019,0.04984946283
7/28/2019,0.04992206509
7/27/2019,0.05000066707
7/26/2019,0.05008025898
7/25/2019,0.05015040642
7/24/2019,0.05022353886
7/23/2019,0.05029158387
7/22/2019,0.05036786496
7/21/2019,0.05044744205
7/20/2019,0.0505231111
7/19/2019,0.05058800536
7/18/2019,0.05066476149
7/17/2019,0.05073293674
7/16/2019,0.05081641108
7/15/2019,0.05089235565
7/14/2019,0.05097507391
7/13/2019,0.05104790595
7/12/2019,0.05111456195
7/11/2019,0.0512011604
7/10/2019,0.05128732745
7/9/2019,0.05134489166
7/8/2019,0.05142969803
7/7/2019,0.05150681326
7/6/2019,0.05158119145
7/5/2019,0.051648971
7/4/2019,0.05173056582
7/3/2019,0.0518072915
7/2/2019,0.05188094445
7/1/2019,0.05196105376
6/30/2019,0.05204414953
6/29/2019,0.05211497124
6/28/2019,0.05220207205
6/27/2019,0.05227709131
6/26/2019,0.0523453052
6/25/2019,0.05242713618
6/24/2019,0.05251534312
6/23/2019,0.05259695622
6/22/2019,0.05267268348
6/21/2019,0.05275498827
6/20/2019,0.05282458015
6/19/2019,0.05291030768
6/18/2019,0.05298538219
6/17/2019,0.05306364231
6/16/2019,0.05315465963
6/15/2019,0.05321886477
6/14/2019,0.05329979132
6/13/2019,0.05338285628
6/12/2019,0.05347151291
6/11/2019,0.05354424362
6/10/2019,0.05361471995
6/9/2019,0.05369425035
6/8/2019,0.0537864271
6/7/2019,0.05386477041
6/6/2019,0.05393344996
6/5/2019,0.05402017489
6/4/2019,0.05411077428
6/3/2019,0.05418658119
6/2/2019,0.05425988652
6/1/2019,0.05433412579
5/31/2019,0.05441246404
5/30/2019,0.05450423043
5/29/2019,0.05458281469
5/28/2019,0.05466553819
5/27/2019,0.05474335982
5/26/2019,0.05481797069
5/25/2019,0.0549120952
5/24/2019,0.05498507091
5/23/2019,0.05505207347
5/22/2019,0.05514483678
5/21/2019,0.0552228648
5/20/2019,0.05529884732
5/19/2019,0.05539672947
5/18/2019,0.05547555483
5/17/2019,0.05555420692
5/16/2019,0.05564149268
5/15/2019,0.05572843537
5/14/2019,0.05581064974
5/13/2019,0.05588632387
5/12/2019,0.05597621743
5/11/2019,0.05606282967
5/10/2019,0.05614432779
5/9/2019,0.05621953151
5/8/2019,0.0563096338
5/7/2019,0.0563925736
5/6/2019,0.0564721874
5/5/2019,0.05655379606
5/4/2019,0.05663634437
5/3/2019,0.05671038605
5/2/2019,0.05678784357
5/1/2019,0.0568738954
4/30/2019,0.05697837834
4/29/2019,0.05704732608
4/28/2019,0.05713440728
4/27/2019,0.05722190715
4/26/2019,0.05730311928
4/25/2019,0.05738807898
4/24/2019,0.05747195054
4/23/2019,0.05756407117
4/22/2019,0.05764890203
4/21/2019,0.05773582847
4/20/2019,0.05782158507
4/19/2019,0.05792239755
4/18/2019,0.05798707573
4/17/2019,0.05808606159
4/16/2019,0.05817748459
4/15/2019,0.05826137273
4/14/2019,0.05835476732
4/13/2019,0.05844565096
4/12/2019,0.05853098865
4/11/2019,0.05860806829
4/10/2019,0.05870243868
4/9/2019,0.05878624343
4/8/2019,0.05890801894
4/7/2019,0.05900005271
4/6/2019,0.05892791366
4/5/2019,0.058902507
4/4/2019,0.05900268721
4/3/2019,0.05909392871
4/2/2019,0.05918189002
4/1/2019,0.05925230334
3/31/2019,0.05936013963
3/30/2019,0.05945450883
3/29/2019,0.05952424814
3/28/2019,0.0596211479
3/27/2019,0.0597081779
3/26/2019,0.05979797984
3/25/2019,0.05988405704
3/24/2019,0.05997548826
3/23/2019,0.06006920163
3/22/2019,0.060157212
3/21/2019,0.06023598699
3/20/2019,0.06033240121
3/19/2019,0.06043176403
3/18/2019,0.06052275812
3/17/2019,0.0606063319
3/16/2019,0.06069485698
3/15/2019,0.06080393231
3/14/2019,0.06088322662
3/13/2019,0.06097023204
3/12/2019,0.06105136934
3/11/2019,0.06119333061
3/10/2019,0.06137831133
3/9/2019,0.06148842252
3/8/2019,0.06158917581
3/7/2019,0.06167813594
3/6/2019,0.06178597867
3/5/2019,0.06187858069
3/4/2019,0.06194813401
3/3/2019,0.06204926238
3/2/2019,0.06216008638
3/1/2019,0.06223898013
2/28/2019,0.06233318764
2/27/2019,0.06244148761
2/26/2019,0.06252078549
2/25/2019,0.06260151752
2/24/2019,0.06269538267
2/23/2019,0.06280756586
2/22/2019,0.06288967085
2/21/2019,0.0629808274
2/20/2019,0.06308177672
2/19/2019,0.06318228139
2/18/2019,0.06326900251
2/17/2019,0.06336197836
2/16/2019,0.06347016634
2/15/2019,0.06355960377
2/14/2019,0.0636396854
2/13/2019,0.06373107007
2/12/2019,0.06383985297
2/11/2019,0.06394166283
2/10/2019,0.0640511932
2/9/2019,0.06413008575
2/8/2019,0.0642188422
2/7/2019,0.06432595823
2/6/2019,0.06443900045
2/5/2019,0.0645304765
2/4/2019,0.06462960963
2/3/2019,0.06470960304
2/2/2019,0.06481992345
2/1/2019,0.06490959398
1/31/2019,0.0650185814
1/30/2019,0.06510818742
1/29/2019,0.06521937057
1/28/2019,0.06532413728
1/27/2019,0.06543913758
1/26/2019,0.06551530375
1/25/2019,0.06563719898
1/24/2019,0.06571606401
1/23/2019,0.06581645237
1/22/2019,0.06592317774
1/21/2019,0.06601436339
1/20/2019,0.06613829866
1/19/2019,0.06620846265
1/18/2019,0.06631871857
1/17/2019,0.06642450104
1/16/2019,0.06651048321
1/15/2019,0.06660272431
1/14/2019,0.06671200448
1/13/2019,0.06680335237
1/12/2019,0.06691038069
1/11/2019,0.06701420461
1/10/2019,0.06711642417
1/9/2019,0.06721561453
1/8/2019,0.06732661875
1/7/2019,0.0674086601
1/6/2019,0.06750888694
1/5/2019,0.06760856543
1/4/2019,0.06772215295
1/3/2019,0.06782065632
1/2/2019,0.06790371895
1/1/2019,0.06803258349
12/31/2018,0.06813554008
12/30/2018,0.06824114723
12/29/2018,0.06833130635
12/28/2018,0.06844193398
12/27/2018,0.068555872
12/26/2018,0.0686645225
12/25/2018,0.06877048445
12/24/2018,0.0688735247
12/23/2018,0.06896664548
12/22/2018,0.06908543555
12/21/2018,0.06919924099
12/20/2018,0.06928950009
12/19/2018,0.06940316629
12/18/2018,0.06951304478
12/17/2018,0.06961638681
12/16/2018,0.06972551658
12/15/2018,0.06984158088
12/14/2018,0.06996788709
12/13/2018,0.07007547501
12/12/2018,0.07017205158
12/11/2018,0.07029038606
12/10/2018,0.07038545176
12/9/2018,0.07049478192
12/8/2018,0.07061867181
12/7/2018,0.07069473597
12/6/2018,0.07083093361
12/5/2018,0.07096914378
12/4/2018,0.07107163355
12/3/2018,0.0711757595
12/2/2018,0.07127859443
12/1/2018,0.07140702787
11/30/2018,0.07151667492
11/29/2018,0.07162890466
11/28/2018,0.07173566658
11/27/2018,0.07185020008
11/26/2018,0.07195393887
11/25/2018,0.07207151903
11/24/2018,0.07217294748
11/23/2018,0.07228651136
11/22/2018,0.07239661656
11/21/2018,0.07252266368
11/20/2018,0.07263066935
11/19/2018,0.07273418687
11/18/2018,0.072859132
11/17/2018,0.07297785011
11/16/2018,0.07308373921
11/15/2018,0.07319505224
11/14/2018,0.07331633106
11/13/2018,0.07341933101
11/12/2018,0.07351514462
11/11/2018,0.07364173466
11/10/2018,0.07374605421
11/9/2018,0.07387305551
11/8/2018,0.07397755317
11/7/2018,0.07411257983
11/6/2018,0.07420996861
11/5/2018,0.07432759351
11/4/2018,0.07444903698
11/3/2018,0.07455399522
11/2/2018,0.07467815286
11/1/2018,0.07476834043
10/31/2018,0.07488851465
10/30/2018,0.07500235559
10/29/2018,0.07510833652
10/28/2018,0.07524143851
10/27/2018,0.07534221305
10/26/2018,0.07544912836
10/25/2018,0.07556580427
10/24/2018,0.07568013932
10/23/2018,0.07580651601
10/22/2018,0.07591717677
10/21/2018,0.07602950777
10/20/2018,0.0761517763
10/19/2018,0.07626775114
10/18/2018,0.07640870307
10/17/2018,0.07652713604
10/16/2018,0.07664564834
10/15/2018,0.07676542911
10/14/2018,0.07688344785
10/13/2018,0.07700620775
10/12/2018,0.07711729355
10/11/2018,0.07722329935
10/10/2018,0.07736074371
10/9/2018,0.07747766804
10/8/2018,0.0775871859
10/7/2018,0.077712429
10/6/2018,0.07784171266
10/5/2018,0.0779475719
10/4/2018,0.07807011925
10/3/2018,0.07819918623
10/2/2018,0.07830646131
10/1/2018,0.07845206545
9/30/2018,0.07856869824
9/29/2018,0.07867766705
9/28/2018,0.07879692291
9/27/2018,0.07892945755
9/26/2018,0.07904952278
9/25/2018,0.07917437144
9/24/2018,0.07928762231
9/23/2018,0.07941690302
9/22/2018,0.07952915569
9/21/2018,0.07966153978
9/20/2018,0.07978600252
9/19/2018,0.0799094392
9/18/2018,0.08004689599
9/17/2018,0.08014711311
9/16/2018,0.0802731579
9/15/2018,0.08039612191
9/14/2018,0.08051177602
9/13/2018,0.08065292432
9/12/2018,0.08076409311
9/11/2018,0.08088796471
9/10/2018,0.08102762249
9/9/2018,0.08114337987
9/8/2018,0.08126653385
9/7/2018,0.08139347307
9/6/2018,0.08153395584
9/5/2018,0.08165131039
9/4/2018,0.08178698682
9/3/2018,0.08190682087
9/2/2018,0.08202901011
9/1/2018,0.08214783364
8/31/2018,0.08228932846
8/30/2018,0.08242360231
8/29/2018,0.08252234513
8/28/2018,0.08265920444
8/27/2018,0.08278792616
8/26/2018,0.08290435371
8/25/2018,0.0830834161
8/24/2018,0.08322124036
8/23/2018,0.08334768794
8/22/2018,0.08347471539
8/21/2018,0.08362487573
8/20/2018,0.08374032587
8/19/2018,0.0838817074
8/18/2018,0.08399493335
8/17/2018,0.08412806712
8/16/2018,0.08426780722
8/15/2018,0.08440065668
8/14/2018,0.08451494864
8/13/2018,0.0846581037
8/12/2018,0.08479515545
8/11/2018,0.08491160299
8/10/2018,0.08506598314
8/9/2018,0.08519122452
8/8/2018,0.08532099683
8/7/2018,0.08545301288
8/6/2018,0.08560038854
8/5/2018,0.0857131018
8/4/2018,0.08586281322
8/3/2018,0.08599614577
8/2/2018,0.08613310413
8/1/2018,0.08625870451
7/31/2018,0.08639362426
7/30/2018,0.08653657471
7/29/2018,0.08666367353
7/28/2018,0.08679468783
7/27/2018,0.08691410617
7/26/2018,0.08705499316
7/25/2018,0.08720940477
7/24/2018,0.08734528599
7/23/2018,0.08748900205
7/22/2018,0.08762117874
7/21/2018,0.08774220461
7/20/2018,0.0879091733
7/19/2018,0.08803388722
7/18/2018,0.08817506813
7/17/2018,0.08832796228
7/16/2018,0.08844256596
7/15/2018,0.08859170171
7/14/2018,0.0887210278
7/13/2018,0.08886887384
7/12/2018,0.08900475703
7/11/2018,0.08914342517
7/10/2018,0.08929366541
7/9/2018,0.08942756616
7/8/2018,0.08956168663
7/7/2018,0.08972060756
7/6/2018,0.0898510272
7/5/2018,0.08999417034
7/4/2018,0.09014292486
7/3/2018,0.09030197642
7/2/2018,0.09042919437
7/1/2018,0.09056386345
6/30/2018,0.09072841358
6/29/2018,0.09084652766
6/28/2018,0.0910012725
6/27/2018,0.09114942418
6/26/2018,0.09130186372
6/25/2018,0.09143671753
6/24/2018,0.09157525744
6/23/2018,0.09171363809
6/22/2018,0.09185026537
6/21/2018,0.09200131323
6/20/2018,0.0921409537
6/19/2018,0.09230581477
6/18/2018,0.09245506164
6/17/2018,0.09259465905
6/16/2018,0.09274984868
6/15/2018,0.092891386
6/14/2018,0.09303589871
6/13/2018,0.09315948639
6/12/2018,0.09331665644
6/11/2018,0.09348179694
6/10/2018,0.09362660263
6/9/2018,0.09376764109
6/8/2018,0.09391522879
6/7/2018,0.09408021751
6/6/2018,0.09422718778
6/5/2018,0.09433498899
6/4/2018,0.0945047965
6/3/2018,0.09466651802
6/2/2018,0.09482006949
6/1/2018,0.09497960769
5/31/2018,0.09512378254
5/30/2018,0.09527534572
5/29/2018,0.0954194798
5/28/2018,0.09556377435
5/27/2018,0.09572932771
5/26/2018,0.09586291457
5/25/2018,0.09603275441
5/24/2018,0.09619230123
5/23/2018,0.09635693267
5/22/2018,0.09649646624
5/21/2018,0.09665104393
5/20/2018,0.09679186481
5/19/2018,0.09696221405
5/18/2018,0.097120279
5/17/2018,0.09727063568
5/16/2018,0.09743526918
5/15/2018,0.0975659678
5/14/2018,0.09773608702
5/13/2018,0.09787447754
5/12/2018,0.09803529742
5/11/2018,0.09817642149
5/10/2018,0.09836196786
5/9/2018,0.09851005746
5/8/2018,0.09866824512
5/7/2018,0.09881054326
5/6/2018,0.09899416619
5/5/2018,0.0991394324
5/4/2018,0.09930128376
5/3/2018,0.09946453702
5/2/2018,0.09963088803
5/1/2018,0.09977648185
4/30/2018,0.09992961621
4/29/2018,0.100094296
4/28/2018,0.1002456697
4/27/2018,0.1004151437
4/26/2018,0.1005928577
4/25/2018,0.1007521773
4/24/2018,0.1008949938
4/23/2018,0.1010729325
4/22/2018,0.1012172804
4/21/2018,0.101401844
4/20/2018,0.101527201
4/19/2018,0.1017243839
4/18/2018,0.101866934
4/17/2018,0.1020291346
4/16/2018,0.1021901754
4/15/2018,0.1023254594
4/14/2018,0.1024593049
4/13/2018,0.1026228544
4/12/2018,0.1027759387
4/11/2018,0.1029302705
4/10/2018,0.1030863131
4/9/2018,0.1032135385
4/8/2018,0.1034029553
4/7/2018,0.1037536234
4/6/2018,0.1039937078
4/5/2018,0.1041661121
4/4/2018,0.1043295216
4/3/2018,0.1044869837
4/2/2018,0.1046711689
4/1/2018,0.1048051203
3/31/2018,0.1049853437
3/30/2018,0.1051680417
3/29/2018,0.1053075742
3/28/2018,0.1054799422
3/27/2018,0.1056698304
3/26/2018,0.1058236499
3/25/2018,0.1060068949
3/24/2018,0.1061723106
3/23/2018,0.1063337778
3/22/2018,0.1064891665
3/21/2018,0.1066662276
3/20/2018,0.1068202466
3/19/2018,0.1069992047
3/18/2018,0.1071664699
3/17/2018,0.1073289686
3/16/2018,0.1074617131
3/15/2018,0.1076439969
3/14/2018,0.1078213881
3/13/2018,0.1079887894
3/12/2018,0.1081648506
3/11/2018,0.1083490274
3/10/2018,0.1085269523
3/9/2018,0.1087170415
3/8/2018,0.1088828319
3/7/2018,0.109028831
3/6/2018,0.1092096052
3/5/2018,0.1094195016
3/4/2018,0.1095786814
3/3/2018,0.1097185376
3/2/2018,0.1099070991
3/1/2018,0.1100894824
2/28/2018,0.1102156632
2/27/2018,0.110394592
2/26/2018,0.1106093683
2/25/2018,0.1107999371
2/24/2018,0.1109195767
2/23/2018,0.1110917221
2/22/2018,0.1112908507
2/21/2018,0.1114761094
2/20/2018,0.1116405643
2/19/2018,0.1118290961
2/18/2018,0.1119884137
2/17/2018,0.1121695367
2/16/2018,0.1123628856
2/15/2018,0.1125590103
2/14/2018,0.1127367619
2/13/2018,0.112910814
2/12/2018,0.1130858401
2/11/2018,0.1132497165
2/10/2018,0.1134361175
2/9/2018,0.1136288691
2/8/2018,0.1138171502
2/7/2018,0.1139670129
2/6/2018,0.1141407834
2/5/2018,0.1143379357
2/4/2018,0.1145231321
2/3/2018,0.1146865951
2/2/2018,0.1148827657
2/1/2018,0.1150615502
1/31/2018,0.1152265209
1/30/2018,0.1154208523
1/29/2018,0.115594774
1/28/2018,0.1157533317
1/27/2018,0.1159721123
1/26/2018,0.1161373763
1/25/2018,0.1163548444
1/24/2018,0.1165061982
1/23/2018,0.1167002673
1/22/2018,0.1168926195
1/21/2018,0.117040585
1/20/2018,0.1172559364
1/19/2018,0.1174469105
1/18/2018,0.1176268379
1/17/2018,0.1178412747
1/16/2018,0.1180155989
1/15/2018,0.1182172468
1/14/2018,0.1183900535
1/13/2018,0.1185727367
1/12/2018,0.118739994
1/11/2018,0.1189314273
1/10/2018,0.1191392524
1/9/2018,0.119305924
1/8/2018,0.1195010949
1/7/2018,0.1196885738
1/6/2018,0.1199067467
1/5/2018,0.1200769565
1/4/2018,0.1202696561
1/3/2018,0.1204611917
1/2/2018,0.1206514156
1/1/2018,0.1208792921
12/31/2017,0.1210695627
12/30/2017,0.1212955241
12/29/2017,0.1214748236
12/28/2017,0.1216619904
12/27/2017,0.1218825551
12/26/2017,0.122086148
12/25/2017,0.1222908841
12/24/2017,0.1224775407
12/23/2017,0.1226953382
12/22/2017,0.1228856949
12/21/2017,0.123099948
12/20/2017,0.1232887876
12/19/2017,0.1234703422
12/18/2017,0.1236869287
12/17/2017,0.1238903391
12/16/2017,0.1240934336
12/15/2017,0.1242964344
12/14/2017,0.1244881679
12/13/2017,0.1247035369
12/12/2017,0.1249075904
12/11/2017,0.125113036
12/10/2017,0.1253019308
12/9/2017,0.1255186733
12/8/2017,0.125744328
12/7/2017,0.1259480026
12/6/2017,0.1261256446
12/5/2017,0.1263377751
12/4/2017,0.1265320609
12/3/2017,0.1267277538
12/2/2017,0.1269432211
12/1/2017,0.1271702742
11/30/2017,0.1273793802
11/29/2017,0.1275840006
11/28/2017,0.1277745316
11/27/2017,0.1280095657
11/26/2017,0.1281788537
11/25/2017,0.1284275013
11/24/2017,0.1286288974
11/23/2017,0.1288598763
11/22/2017,0.1290577652
11/21/2017,0.1292601144
11/20/2017,0.129469493
11/19/2017,0.1296657537
11/18/2017,0.1299189317
11/17/2017,0.1301166506
11/16/2017,0.130349066
11/15/2017,0.1305618342
11/14/2017,0.1307697941
11/13/2017,0.1310082922
11/12/2017,0.1312185623
11/11/2017,0.1314495528
11/10/2017,0.1316695532
11/9/2017,0.1318740311
11/8/2017,0.1321071644
11/7/2017,0.1323249295
11/6/2017,0.1325256739
11/5/2017,0.1327433415
11/4/2017,0.1329649898
11/3/2017,0.1332121046
11/2/2017,0.133420854
11/1/2017,0.1336228927
10/31/2017,0.1338551011
10/30/2017,0.134063696
10/29/2017,0.1342805822
10/28/2017,0.1345001982
10/27/2017,0.1346974366
10/26/2017,0.134936104
10/25/2017,0.1351460208
10/24/2017,0.1353681688
10/23/2017,0.135570284
10/22/2017,0.1358037677
10/21/2017,0.1360391239
10/20/2017,0.1362637606
10/19/2017,0.1365058992
10/18/2017,0.1367250064
10/17/2017,0.1369728784
10/16/2017,0.1371756743
10/15/2017,0.137422156
10/14/2017,0.1376035504
10/13/2017,0.1378705414
10/12/2017,0.1381031175
10/11/2017,0.1383303444
10/10/2017,0.1385651923
10/9/2017,0.1388124957
10/8/2017,0.139009198
10/7/2017,0.1392678813
10/6/2017,0.1394829633
10/5/2017,0.1397287721
10/4/2017,0.1399222953
10/3/2017,0.1401896577
10/2/2017,0.1403595136
10/1/2017,0.140632414
9/30/2017,0.1408505779
9/29/2017,0.1410951232
9/28/2017,0.1413479124
9/27/2017,0.1415628286
9/26/2017,0.1418289973
9/25/2017,0.1420306318
9/24/2017,0.142272087
9/23/2017,0.1425140263
9/22/2017,0.1427525451
9/21/2017,0.1430013077
9/20/2017,0.1432422869
9/19/2017,0.1434691228
9/18/2017,0.1436941375
9/17/2017,0.1439504485
9/16/2017,0.1441832573
9/15/2017,0.1443972696
9/14/2017,0.1446432112
9/13/2017,0.1449186352
9/12/2017,0.1451470587
9/11/2017,0.1453770558
9/10/2017,0.1455870696
9/9/2017,0.1458494084
9/8/2017,0.1461179493
9/7/2017,0.1463364156
9/6/2017,0.1465879828
9/5/2017,0.1468323846
9/4/2017,0.1470743549
9/3/2017,0.1473688491
9/2/2017,0.1476693298
9/1/2017,0.1478952289
8/31/2017,0.1481212501
8/30/2017,0.1484032876
8/29/2017,0.1486679352
8/28/2017,0.1489340114
8/27/2017,0.1491883949
8/26/2017,0.1494005891
8/25/2017,0.1496017367
8/24/2017,0.1498959615
8/23/2017,0.1501404513
8/22/2017,0.1503913275
8/21/2017,0.1506839483
8/20/2017,0.1509261442
8/19/2017,0.1512031716
8/18/2017,0.1514206681
8/17/2017,0.1516689486
8/16/2017,0.1519563642
8/15/2017,0.1521971301
8/14/2017,0.1524729959
8/13/2017,0.1527140599
8/12/2017,0.1529941042
8/11/2017,0.1532194648
8/10/2017,0.1534963774
8/9/2017,0.1537523404
8/8/2017,0.1540292717
8/7/2017,0.1542567205
8/6/2017,0.1545456386
8/5/2017,0.1547632118
8/4/2017,0.1550486398
8/3/2017,0.1553216357
8/2/2017,0.1556008384
8/1/2017,0.1558405269
7/31/2017,0.1560954379
7/30/2017,0.1563840462
7/29/2017,0.1566196929
7/28/2017,0.1569137589
7/27/2017,0.1571948016
7/26/2017,0.1574409205
7/25/2017,0.1577059658
7/24/2017,0.1579494172
7/23/2017,0.1582386867
7/22/2017,0.1585135551
7/21/2017,0.1587252058
7/20/2017,0.1589986942
7/19/2017,0.1592854497
7/18/2017,0.1595185236
7/17/2017,0.1598555372
7/16/2017,0.1600803658
7/15/2017,0.1603555895
7/14/2017,0.1606334276
7/13/2017,0.1609439625
7/12/2017,0.1611930247
7/11/2017,0.1614851041
7/10/2017,0.1617456663
7/9/2017,0.1620542765
7/8/2017,0.1622912142
7/7/2017,0.1625963928
7/6/2017,0.1629025975
7/5/2017,0.163174126
7/4/2017,0.1634257781
7/3/2017,0.1637409028
7/2/2017,0.1640536759
7/1/2017,0.1643313419
6/30/2017,0.1646179664
6/29/2017,0.1648810101
6/28/2017,0.1652030472
6/27/2017,0.1654658778
6/26/2017,0.1657612681
6/25/2017,0.1660439202
6/24/2017,0.1663166972
6/23/2017,0.1666405325
6/22/2017,0.1669074938
6/21/2017,0.1672028638
6/20/2017,0.1674631227
6/19/2017,0.1677411018
6/18/2017,0.1680436472
6/17/2017,0.1683155408
6/16/2017,0.1686352955
6/15/2017,0.1689158115
6/14/2017,0.1692155714
6/13/2017,0.1695005363
6/12/2017,0.1697857217
6/11/2017,0.1701076531
6/10/2017,0.1704104753
6/9/2017,0.1706845867
6/8/2017,0.1709676329
6/7/2017,0.171297859
6/6/2017,0.1716266972
6/5/2017,0.1718770356
6/4/2017,0.1722040452
6/3/2017,0.1724785834
6/2/2017,0.1727722072
6/1/2017,0.1731108365
5/31/2017,0.1733716834
5/30/2017,0.1737072572
5/29/2017,0.1740059783
5/28/2017,0.1743020184
5/27/2017,0.1746400866
5/26/2017,0.1748868759
5/25/2017,0.1752027345
5/24/2017,0.1754758219
5/23/2017,0.1757896021
5/22/2017,0.1761003815
5/21/2017,0.1764163307
5/20/2017,0.1766945096
5/19/2017,0.1770144416
5/18/2017,0.177325311
5/17/2017,0.1776027488
5/16/2017,0.1779229621
5/15/2017,0.178224559
5/14/2017,0.1785760395
5/13/2017,0.1788862139
5/12/2017,0.1792230909
5/11/2017,0.1795067601
5/10/2017,0.1798157816
5/9/2017,0.1801380794
5/8/2017,0.1804410644
5/7/2017,0.1807405391
5/6/2017,0.1810975799
5/5/2017,0.1813857595
5/4/2017,0.1816943346
5/3/2017,0.1820412274
5/2/2017,0.1823526664
5/1/2017,0.1826801931
4/30/2017,0.1829602215
4/29/2017,0.1833224473
4/28/2017,0.1836761995
4/27/2017,0.1839894308
4/26/2017,0.1842802812
4/25/2017,0.184612435
4/24/2017,0.1849082894
4/23/2017,0.1852525397
4/22/2017,0.1855425136
4/21/2017,0.1859047789
4/20/2017,0.1862396342
4/19/2017,0.1865746993
4/18/2017,0.1869109259
4/17/2017,0.1872476743
4/16/2017,0.1876054363
4/15/2017,0.1879815291
4/14/2017,0.1883065283
4/13/2017,0.1886051629
4/12/2017,0.1889757033
4/11/2017,0.1893346853
4/10/2017,0.1896273968
4/9/2017,0.1899341174
4/8/2017,0.1902208055
4/7/2017,0.1906464018
4/6/2017,0.1909108349
4/5/2017,0.1912058555
4/4/2017,0.1915372144
4/3/2017,0.1919124267
4/2/2017,0.1922741064
4/1/2017,0.1925873062
3/31/2017,0.1929540417
3/30/2017,0.193292256
3/29/2017,0.1936387512
3/28/2017,0.1939109189
3/27/2017,0.1943051511
3/26/2017,0.1946340607
3/25/2017,0.1949956486
3/24/2017,0.1954537356
3/23/2017,0.1958561932
3/22/2017,0.1961026117
3/21/2017,0.1964468657
3/20/2017,0.1967679341
3/19/2017,0.1971104694
3/18/2017,0.1974728601
3/17/2017,0.1978518072
3/16/2017,0.1981852704
3/15/2017,0.1985529817
3/14/2017,0.1988893498
3/13/2017,0.1992314735
3/12/2017,0.1995521663
3/11/2017,0.1999055174
3/10/2017,0.2002536031
3/9/2017,0.2006139304
3/8/2017,0.20097571
3/7/2017,0.2013183482
3/6/2017,0.2016832572
3/5/2017,0.2020146868
3/4/2017,0.2023944801
3/3/2017,0.2027470169
3/2/2017,0.203105489
3/1/2017,0.2034793987
2/28/2017,0.2038532224
2/27/2017,0.2041708582
2/26/2017,0.2045097865
2/25/2017,0.2049039871
2/24/2017,0.2052616735
2/23/2017,0.2056300432
2/22/2017,0.2059658852
2/21/2017,0.2063316179
2/20/2017,0.2066991729
2/19/2017,0.2070912746
2/18/2017,0.2074233604
2/17/2017,0.2077740358
2/16/2017,0.2081337557
2/15/2017,0.2085194038
2/14/2017,0.2088849869
2/13/2017,0.2092491455
2/12/2017,0.209642648
2/11/2017,0.2100181941
2/10/2017,0.2103821149
2/9/2017,0.2107435922
2/8/2017,0.2111435559
2/7/2017,0.2115182015
2/6/2017,0.2118898641
2/5/2017,0.2122877851
2/4/2017,0.2126532665
2/3/2017,0.2130153358
2/2/2017,0.2134241252
2/1/2017,0.2137904835
1/31/2017,0.2141526849
1/30/2017,0.214511779
1/29/2017,0.214897585
1/28/2017,0.2152420304
1/27/2017,0.2156456368
1/26/2017,0.2159891195
1/25/2017,0.21642242
1/24/2017,0.2168141315
1/23/2017,0.2171844655
1/22/2017,0.2176080696
1/21/2017,0.2180160312
1/20/2017,0.2184134621
1/19/2017,0.2187893566
1/18/2017,0.2191887115
1/17/2017,0.2195743976
1/16/2017,0.2199527599
1/15/2017,0.2203603428
1/14/2017,0.2207663565
1/13/2017,0.2211609525
1/12/2017,0.2215618119
1/11/2017,0.2219134233
1/10/2017,0.2223586654
1/9/2017,0.2227372989
1/8/2017,0.2231507545
1/7/2017,0.2235428132
1/6/2017,0.2239551482
1/5/2017,0.2243842225
1/4/2017,0.2247720131
1/3/2017,0.2251742695
1/2/2017,0.2255465031
1/1/2017,0.2259457264
12/31/2016,0.2263433767
12/30/2016,0.2267604758
12/29/2016,0.2271716436
12/28/2016,0.2275651112
12/27/2016,0.2279627721
12/26/2016,0.2283545408
12/25/2016,0.2287675278
12/24/2016,0.2291581074
12/23/2016,0.2295981223
12/22/2016,0.230015046
12/21/2016,0.230438566
12/20/2016,0.2308494801
12/19/2016,0.2312818333
12/18/2016,0.2316653319
12/17/2016,0.232089396
12/16/2016,0.2325118768
12/15/2016,0.2329190697
12/14/2016,0.2333751219
12/13/2016,0.2337867484
12/12/2016,0.234200493
12/11/2016,0.2346032767
12/10/2016,0.2350028409
12/9/2016,0.2354435649
12/8/2016,0.2358075006
12/7/2016,0.2362555573
12/6/2016,0.2367079496
12/5/2016,0.2371523996
12/4/2016,0.2375893736
12/3/2016,0.2380098638
12/2/2016,0.2384554542
12/1/2016,0.2388803715
11/30/2016,0.2393332752
11/29/2016,0.2397713009
11/28/2016,0.240177709
11/27/2016,0.2406584652
11/26/2016,0.2411009374
11/25/2016,0.2415473849
11/24/2016,0.2419584789
11/23/2016,0.2423843388
11/22/2016,0.242878134
11/21/2016,0.2433426638
11/20/2016,0.2437855734
11/19/2016,0.2441960319
11/18/2016,0.244664047
11/17/2016,0.2450830008
11/16/2016,0.2455049426
11/15/2016,0.2460235012
11/14/2016,0.2464665155
11/13/2016,0.2469023022
11/12/2016,0.2473686143
11/11/2016,0.2478000976
11/10/2016,0.2482776264
11/9/2016,0.2487023094
11/8/2016,0.2491953689
11/7/2016,0.2496567308
11/6/2016,0.2500918302
11/5/2016,0.2505614727
11/4/2016,0.2509934609
11/3/2016,0.2515206448
11/2/2016,0.2519752402
11/1/2016,0.2524525239
10/31/2016,0.2529188522
10/30/2016,0.2533852184
10/29/2016,0.2538742954
10/28/2016,0.254363164
10/27/2016,0.2548201992
10/26/2016,0.2552878273
10/25/2016,0.2557892589
10/24/2016,0.256266445
10/23/2016,0.256754477
10/22/2016,0.2572291776
10/21/2016,0.2577573208
10/20/2016,0.2582016151
10/19/2016,0.258735986
10/18/2016,0.2591969681
10/17/2016,0.2596884404
10/16/2016,0.2601769584
10/15/2016,0.2607008418
10/14/2016,0.2611735799
10/13/2016,0.2616571352
10/12/2016,0.262138821
10/11/2016,0.2626451718
10/10/2016,0.2631587502
10/9/2016,0.2636463595
10/8/2016,0.2641187776
10/7/2016,0.2646321588
10/6/2016,0.265148939
10/5/2016,0.2657198472
10/4/2016,0.2661906356
10/3/2016,0.2667543908
10/2/2016,0.2671852617
10/1/2016,0.2677303922
9/30/2016,0.268219395
9/29/2016,0.2686894731
9/28/2016,0.2692363235
9/27/2016,0.2697342896
9/26/2016,0.2702755834
9/25/2016,0.2707882868
9/24/2016,0.2713217562
9/23/2016,0.2718511577
9/22/2016,0.2723376147
9/21/2016,0.2728691125
9/20/2016,0.2733814955
9/19/2016,0.2739310723
9/18/2016,0.27447278
9/17/2016,0.2750168925
9/16/2016,0.2755660448
9/15/2016,0.27607297
9/14/2016,0.2765769216
9/13/2016,0.2771313121
9/12/2016,0.2776721531
9/11/2016,0.2782260053
9/10/2016,0.2787473484
9/9/2016,0.2792596309
9/8/2016,0.2798149263
9/7/2016,0.2803262195
9/6/2016,0.280912131
9/5/2016,0.2814949201
9/4/2016,0.2819837309
9/3/2016,0.2824837757
9/2/2016,0.2830233157
9/1/2016,0.2835920118
8/31/2016,0.2841697201
8/30/2016,0.2846701753
8/29/2016,0.285214854
8/28/2016,0.2857719598
8/27/2016,0.2863336009
8/26/2016,0.2869287098
8/25/2016,0.2874516065
8/24/2016,0.2880518664
8/23/2016,0.2885773989
8/22/2016,0.2891323337
8/21/2016,0.2896784327
8/20/2016,0.2902314085
8/19/2016,0.2908984605
8/18/2016,0.2914391729
8/17/2016,0.291960109
8/16/2016,0.2925864189
8/15/2016,0.2931523986
8/14/2016,0.2937259718
8/13/2016,0.2942878727
8/12/2016,0.2948652018
8/11/2016,0.2954536074
8/10/2016,0.2960643134
8/9/2016,0.2966435116
8/8/2016,0.2972436781
8/7/2016,0.2978323714
8/6/2016,0.2984588282
8/5/2016,0.2990376571
8/4/2016,0.2996195886
8/3/2016,0.3001767765
8/2/2016,0.3007850019
8/1/2016,0.3013910948
7/31/2016,0.3019745552
7/30/2016,0.3026208912
7/29/2016,0.3032204048
7/28/2016,0.3037726238
7/27/2016,0.3044052757
7/26/2016,0.3050013118
7/25/2016,0.3056455538
7/24/2016,0.3062543241
7/23/2016,0.306841404
7/22/2016,0.3075133866
7/21/2016,0.3081557537
7/20/2016,0.308807465
7/19/2016,0.3094351393
7/18/2016,0.3100300063
7/17/2016,0.3106882967
7/16/2016,0.3113027532
7/15/2016,0.3118749143
7/14/2016,0.3124791462
7/13/2016,0.313132241
7/12/2016,0.3137537995
7/11/2016,0.3143988109
7/10/2016,0.3150066137
7/9/2016,0.315704871
7/8/2016,0.3163277955
7/7/2016,0.316945426
7/6/2016,0.3175995031
7/5/2016,0.3182378119
7/4/2016,0.3188707881
7/3/2016,0.3194885241
7/2/2016,0.3201344527
7/1/2016,0.3207957757
6/30/2016,0.3214537268
6/29/2016,0.3220770393
6/28/2016,0.3227116863
6/27/2016,0.3233909084
6/26/2016,0.3240153883
6/25/2016,0.3247336583
6/24/2016,0.3253723656
6/23/2016,0.3260790875
6/22/2016,0.3267321121
6/21/2016,0.3273828513
6/20/2016,0.3280582998
6/19/2016,0.328708695
6/18/2016,0.3294079701
6/17/2016,0.3301147128
6/16/2016,0.330764511
6/15/2016,0.3314705347
6/14/2016,0.3321744191
6/13/2016,0.332819784
6/12/2016,0.3335011884
6/11/2016,0.334202675
6/10/2016,0.3349158353
6/9/2016,0.335597377
6/8/2016,0.3362569797
6/7/2016,0.3369328057
6/6/2016,0.3376597062
6/5/2016,0.3382850383
6/4/2016,0.3390589284
6/3/2016,0.3397822838
6/2/2016,0.3404385962
6/1/2016,0.3411899222
5/31/2016,0.3419032127
5/30/2016,0.3425877417
5/29/2016,0.3433081546
5/28/2016,0.3440245116
5/27/2016,0.3447438761
5/26/2016,0.3454412921
5/25/2016,0.3461681765
5/24/2016,0.346913206
5/23/2016,0.3476216966
5/22/2016,0.3483539651
5/21/2016,0.349078694
5/20/2016,0.3498505368
5/19/2016,0.3505791999
5/18/2016,0.3513162093
5/17/2016,0.352092691
5/16/2016,0.3527968541
5/15/2016,0.3535471237
5/14/2016,0.35429925
5/13/2016,0.3550751159
5/12/2016,0.3558444278
5/11/2016,0.3566276933
5/10/2016,0.3573311458
5/9/2016,0.3581356728
5/8/2016,0.3588841501
5/7/2016,0.3596070396
5/6/2016,0.3604075553
5/5/2016,0.3611885353
5/4/2016,0.361930989
5/3/2016,0.36270562
5/2/2016,0.363477946
5/1/2016,0.3642698404
4/30/2016,0.3650348787
4/29/2016,0.3657749132
4/28/2016,0.36655194
4/27/2016,0.3673602949
4/26/2016,0.3681434476
4/25/2016,0.3689483401
4/24/2016,0.3696978562
4/23/2016,0.3705380583
4/22/2016,0.371339305
4/21/2016,0.3721364053
4/20/2016,0.3729140062
4/19/2016,0.3736969894
4/18/2016,0.3745263854
4/17/2016,0.375288767
4/16/2016,0.3760923334
4/15/2016,0.3769077834
4/14/2016,0.3777847324
4/13/2016,0.3785847542
4/12/2016,0.3793952339
4/11/2016,0.3802438138
4/10/2016,0.3810794412
4/9/2016,0.381932094
4/8/2016,0.3827334916
4/7/2016,0.3835857391
4/6/2016,0.3844634284
4/5/2016,0.3853108648
4/4/2016,0.3861068865
4/3/2016,0.3869440841
4/2/2016,0.387797459
4/1/2016,0.3886455464
3/31/2016,0.3895227828
3/30/2016,0.3903604615
3/29/2016,0.3912829058
3/28/2016,0.3921277306
3/27/2016,0.3930293107
3/26/2016,0.3938857614
3/25/2016,0.3946722267
3/24/2016,0.3955082216
3/23/2016,0.3964738402
3/22/2016,0.3973467244
3/21/2016,0.398236215
3/20/2016,0.3990964283
3/19/2016,0.3999721077
3/18/2016,0.4008611378
3/17/2016,0.4017873518
3/16/2016,0.4026726468
3/15/2016,0.4035591239
3/14/2016,0.4044869036
3/13/2016,0.4054047296
3/12/2016,0.4062773527
3/11/2016,0.4072344677
3/10/2016,0.4081207848
3/9/2016,0.409074249
3/8/2016,0.4100067319
3/7/2016,0.4109101405
3/6/2016,0.4118254292
3/5/2016,0.4127618372
3/4/2016,0.413775209
3/3/2016,0.4146440896
3/2/2016,0.4155749069
3/1/2016,0.4165336107
2/29/2016,0.4174842401
2/28/2016,0.418447218
2/27/2016,0.4194211675
2/26/2016,0.420357723
2/25/2016,0.421313925
2/24/2016,0.4222512523
2/23/2016,0.4232061523
2/22/2016,0.4242100387
2/21/2016,0.4251899415
2/20/2016,0.42617553
2/19/2016,0.4271487377
2/18/2016,0.4281436899
2/17/2016,0.4291302716
2/16/2016,0.4301484725
2/15/2016,0.4310558881
2/14/2016,0.4320707306
2/13/2016,0.4330805111
2/12/2016,0.4340635181
2/11/2016,0.4350670807
2/10/2016,0.4360667531
2/9/2016,0.4370901049
2/8/2016,0.4380703895
2/7/2016,0.4390544192
2/6/2016,0.4401454059
2/5/2016,0.4411647829
2/4/2016,0.4421846118
2/3/2016,0.443212714
2/2/2016,0.4442311193
2/1/2016,0.4453020169
1/31/2016,0.4463571348
1/30/2016,0.447369078
1/29/2016,0.4484431057
1/28/2016,0.4494811449
1/27/2016,0.4505728594
1/26/2016,0.4515797438
1/25/2016,0.4526345576
1/24/2016,0.4537018845
1/23/2016,0.4547741587
1/22/2016,0.4558344934
1/21/2016,0.4568868505
1/20/2016,0.4579672105
1/19/2016,0.4590357363
1/18/2016,0.4601361103
1/17/2016,0.4612328253
1/16/2016,0.4622745206
1/15/2016,0.463379175
1/14/2016,0.4645099075
1/13/2016,0.4656248962
1/12/2016,0.4667042
1/11/2016,0.4678317265
1/10/2016,0.4689106729
1/9/2016,0.4700621419
1/8/2016,0.4711687855
1/7/2016,0.4722688849
1/6/2016,0.4734227507
1/5/2016,0.4744051816
1/4/2016,0.475522467
1/3/2016,0.4767023745
1/2/2016,0.4778069804
1/1/2016,0.4789380641
12/31/2015,0.4800245763
12/30/2015,0.4811626228
12/29/2015,0.4823393372
12/28/2015,0.4834831985
12/27/2015,0.4846828679
12/26/2015,0.4858973214
12/25/2015,0.4870286535
12/24/2015,0.4882246683
12/23/2015,0.4893482686
12/22/2015,0.49059923
12/21/2015,0.4917498527
12/20/2015,0.4929834792
12/19/2015,0.4941149101
12/18/2015,0.4953179955
12/17/2015,0.4965349785
12/16/2015,0.4976828004
12/15/2015,0.4989098543
12/14/2015,0.5001201008
12/13/2015,0.5013873554
12/12/2015,0.5026095416
12/11/2015,0.5038771358
12/10/2015,0.5051555111
12/9/2015,0.5062105026
12/8/2015,0.5074355037
12/7/2015,0.5086807858
12/6/2015,0.509932584
12/5/2015,0.5112398412
12/4/2015,0.5125201175
12/3/2015,0.5138057368
12/2/2015,0.5150797974
12/1/2015,0.5163934216
11/30/2015,0.517633179
11/29/2015,0.5188071386
11/28/2015,0.520129573
11/27/2015,0.5214390157
11/26/2015,0.5227523836
11/25/2015,0.52403418
11/24/2015,0.5253695495
11/23/2015,0.5266289266
11/22/2015,0.5279575072
11/21/2015,0.5292575211
11/20/2015,0.5306180459
11/19/2015,0.531921256
11/18/2015,0.5332747424
11/17/2015,0.534572072
11/16/2015,0.535932481
11/15/2015,0.5372563993
11/14/2015,0.5385685028
11/13/2015,0.5400225334
11/12/2015,0.5413638139
11/11/2015,0.5427594898
11/10/2015,0.5440553566
11/9/2015,0.5455171393
11/8/2015,0.5468847247
11/7/2015,0.548087108
11/6/2015,0.5495271476
11/5/2015,0.5510600265
11/4/2015,0.5523773756
11/3/2015,0.5538142815
11/2/2015,0.5551690137
11/1/2015,0.5565544858
10/31/2015,0.5579911493
10/30/2015,0.559485652
10/29/2015,0.5609377317
10/28/2015,0.562441002
10/27/2015,0.5638051081
10/26/2015,0.5652184389
10/25/2015,0.5666227056
10/24/2015,0.5680277086
10/23/2015,0.5695153783
10/22/2015,0.5710488655
10/21/2015,0.5725028385
10/20/2015,0.5739415225
10/19/2015,0.5753949159
10/18/2015,0.5768596355
10/17/2015,0.5784069469
10/16/2015,0.5799161818
10/15/2015,0.5813912978
10/14/2015,0.5829243127
10/13/2015,0.5844040984
10/12/2015,0.5859305954
10/11/2015,0.5874336049
10/10/2015,0.5889946428
10/9/2015,0.5905582725
10/8/2015,0.5921114481
10/7/2015,0.5936478565
10/6/2015,0.5952042121
10/5/2015,0.5967870633
10/4/2015,0.5983937758
10/3/2015,0.5999669027
10/2/2015,0.6015607265
10/1/2015,0.6030965339
9/30/2015,0.6046913162
9/29/2015,0.6063662463
9/28/2015,0.6080248389
9/27/2015,0.609634627
9/26/2015,0.6111947471
9/25/2015,0.6129279698
9/24/2015,0.6145599561
9/23/2015,0.6161912053
9/22/2015,0.6178804673
9/21/2015,0.6194942755
9/20/2015,0.6210633817
9/19/2015,0.6227682968
9/18/2015,0.6244851535
9/17/2015,0.6261542198
9/16/2015,0.6278134819
9/15/2015,0.6295301334
9/14/2015,0.6311500918
9/13/2015,0.6329428448
9/12/2015,0.6346956
9/11/2015,0.6364621159
9/10/2015,0.6381941653
9/9/2015,0.6399197213
9/8/2015,0.641647358
9/7/2015,0.6433000776
9/6/2015,0.6451510652
9/5/2015,0.6469464677
9/4/2015,0.6487495447
9/3/2015,0.6505682574
9/2/2015,0.6522981828
9/1/2015,0.654087581
8/31/2015,0.6559121232
8/30/2015,0.6576318155
8/29/2015,0.6594963542
8/28/2015,0.6613622246
8/27/2015,0.6632646562
8/26/2015,0.6650164378
8/25/2015,0.6669164568
8/24/2015,0.6687236621
8/23/2015,0.6706925133
8/22/2015,0.6725652607
8/21/2015,0.6744498807
8/20/2015,0.6764245652
8/19/2015,0.6783262262
8/18/2015,0.680205197
8/17/2015,0.6821599885
8/16/2015,0.684044232
8/15/2015,0.6859618844
8/14/2015,0.6879600904
8/13/2015,0.6897949278
8/12/2015,0.6917827829
8/11/2015,0.6937218948
8/10/2015,0.6958530883
8/9/2015,0.697638184
8/8/2015,0.6996907395
8/7/2015,0.7017444371
8/6/2015,0.7036865594
8/5/2015,0.7057494866
8/4/2015,0.7077879908
8/3/2015,0.709811487
8/2/2015,0.7118685287
8/1/2015,0.7138728375
7/31/2015,0.7159250244
7/30/2015,0.718093743
7/29/2015,0.7201327066
7/28/2015,0.7222815657
7/27/2015,0.7243865429
7/26/2015,0.7264715543
7/25/2015,0.7286295825
7/24/2015,0.7307956226
7/23/2015,0.7328719235
7/22/2015,0.7350619921
7/21/2015,0.7372584857
7/20/2015,0.7393989489
7/19/2015,0.7415994129
7/18/2015,0.7438105345
7/17/2015,0.7460383407
7/16/2015,0.748318234
7/15/2015,0.7506325305
7/14/2015,0.7528721826
7/13/2015,0.7550890392
7/12/2015,0.7573318788
7/11/2015,0.7595941388
7/10/2015,0.7618480613
7/9/2015,0.7641436246
7/8/2015,0.7664311717
7/7/2015,0.7687311005
7/6/2015,0.7709824718
7/5/2015,0.7732568788
7/4/2015,0.7756669902
7/3/2015,0.7780503835
7/2/2015,0.7804418115
7/1/2015,0.7827512866
6/30/2015,0.7851958602
6/29/2015,0.7876187011
6/28/2015,0.7900982691
6/27/2015,0.7924704726
6/26/2015,0.7949247528
6/25/2015,0.7974057592
6/24/2015,0.7997989511
6/23/2015,0.8022049315
6/22/2015,0.8045583922
6/21/2015,0.8071963992
6/20/2015,0.8098066821
6/19/2015,0.8123214332
6/18/2015,0.8149757811
6/17/2015,0.817510839
6/16/2015,0.820005518
6/15/2015,0.8227127714
6/14/2015,0.8250014502
6/13/2015,0.8276980196
6/12/2015,0.8302794558
6/11/2015,0.8329093548
6/10/2015,0.8352080502
6/9/2015,0.8380569513
6/8/2015,0.8406149141
6/7/2015,0.8432216644
6/6/2015,0.8457602174
6/5/2015,0.8483494955
6/4/2015,0.8508512659
6/3/2015,0.8536815098
6/2/2015,0.8563292912
6/1/2015,0.8589657639
5/31/2015,0.8616382184
5/30/2015,0.8647200634
5/29/2015,0.8674535737
5/28/2015,0.869769469
5/27/2015,0.872637239
5/26/2015,0.8751264678
5/25/2015,0.8776231622
5/24/2015,0.8799813898
5/23/2015,0.8829762803
5/22/2015,0.8857372975
5/21/2015,0.8884535027
5/20/2015,0.89130538
5/19/2015,0.8946807525
5/18/2015,0.8977736171
5/17/2015,0.900629125
5/16/2015,0.9037082273
5/15/2015,0.9071493049
5/14/2015,0.9100911811
5/13/2015,0.9132203688
5/12/2015,0.9165228942
5/11/2015,0.9195042429
5/10/2015,0.9225773092
5/9/2015,0.9257846783
5/8/2015,0.9290740885
5/7/2015,0.9322815441
5/6/2015,0.9350224169
5/5/2015,0.9387902806
5/4/2015,0.9423697245
5/3/2015,0.9458172882
5/2/2015,0.9493262476
5/1/2015,0.9526973655
4/30/2015,0.95595788
4/29/2015,0.9591631807
4/28/2015,0.9626129068
4/27/2015,0.9658346673
4/26/2015,0.9693495043
4/25/2015,0.9729262284
4/24/2015,0.976263223
4/23/2015,0.9796568395
4/22/2015,0.983219508
4/21/2015,0.9867102285
4/20/2015,0.9906289009
4/19/2015,0.9945760489
4/18/2015,0.9978510869
4/17/2015,1
4/16/2015,1
4/15/2015,1
4/14/2015,1
4/13/2015,1
4/12/2015,1
4/11/2015,1
4/10/2015,1
4/9/2015,1
4/8/2015,1
4/7/2015,1
4/6/2015,1
4/5/2015,1
4/4/2015,1
4/3/2015,1
4/2/2015,1
4/1/2015,1
3/31/2015,1
3/30/2015,1
3/29/2015,1
3/28/2015,1
3/27/2015,1
3/26/2015,1
3/25/2015,1
3/24/2015,1
3/23/2015,1
3/22/2015,1
3/21/2015,1
3/20/2015,1
3/19/2015,1
3/18/2015,1
3/17/2015,1
3/16/2015,1
3/15/2015,1
3/14/2015,1
3/13/2015,1
3/12/2015,1
3/11/2015,1
3/10/2015,1
3/9/2015,1
3/8/2015,1
3/7/2015,1
3/6/2015,1
3/5/2015,1
3/4/2015,1
3/3/2015,1
3/2/2015,1
3/1/2015,1
2/28/2015,1
2/27/2015,1
2/26/2015,1
2/25/2015,1
2/24/2015,1
2/23/2015,1
2/22/2015,1
2/21/2015,1
2/20/2015,1
2/19/2015,1
2/18/2015,1
2/17/2015,1
2/16/2015,1
2/15/2015,1
2/14/2015,1
2/13/2015,1
2/12/2015,1
2/11/2015,1
2/10/2015,1
2/9/2015,1
2/8/2015,1
2/7/2015,1
2/6/2015,1
2/5/2015,1
2/4/2015,1
2/3/2015,1
2/2/2015,1
2/1/2015,1
1/31/2015,1
1/30/2015,1
1/29/2015,1
1/28/2015,1
1/27/2015,1
1/26/2015,1
1/25/2015,1
1/24/2015,1
1/23/2015,1
1/22/2015,1
1/21/2015,1
1/20/2015,1
1/19/2015,1
1/18/2015,1
1/17/2015,1
1/16/2015,1
1/15/2015,1
1/14/2015,1
1/13/2015,1
1/12/2015,1
1/11/2015,1
1/10/2015,1
1/9/2015,1
1/8/2015,1
1/7/2015,1
1/6/2015,1
1/5/2015,1
1/4/2015,1
1/3/2015,1
1/2/2015,1
1/1/2015,1
12/31/2014,1
12/30/2014,1
12/29/2014,1
12/28/2014,1
12/27/2014,1
12/26/2014,1
12/25/2014,1
12/24/2014,1
12/23/2014,1
12/22/2014,1
12/21/2014,1
12/20/2014,1
12/19/2014,1
12/18/2014,1
12/17/2014,1
12/16/2014,1
12/15/2014,1
12/14/2014,1
12/13/2014,1
12/12/2014,1
12/11/2014,1
12/10/2014,1
12/9/2014,1
12/8/2014,1
12/7/2014,1
12/6/2014,1
12/5/2014,1
12/4/2014,1
12/3/2014,1
12/2/2014,1
12/1/2014,1
11/30/2014,1
11/29/2014,1
11/28/2014,1
11/27/2014,1
11/26/2014,1
11/25/2014,1
11/24/2014,1
11/23/2014,1
11/22/2014,1
11/21/2014,1
11/20/2014,1
11/19/2014,1
11/18/2014,1
11/17/2014,1
11/16/2014,1
11/15/2014,1
11/14/2014,1
11/13/2014,1
11/12/2014,1
11/11/2014,1
11/10/2014,1
11/9/2014,1
11/8/2014,1
11/7/2014,1
11/6/2014,1
11/5/2014,1
11/4/2014,1
11/3/2014,1
11/2/2014,1
11/1/2014,1
10/31/2014,1
10/30/2014,1
10/29/2014,1
10/28/2014,1
10/27/2014,1
10/26/2014,1
10/25/2014,1
10/24/2014,1
10/23/2014,1
10/22/2014,1
10/21/2014,1
10/20/2014,1
10/19/2014,1
10/18/2014,1
10/17/2014,1
10/16/2014,1
10/15/2014,1
10/14/2014,1
10/13/2014,1
10/12/2014,1
10/11/2014,1
10/10/2014,1
10/9/2014,1
10/8/2014,1
10/7/2014,1
10/6/2014,1
10/5/2014,1
10/4/2014,1
10/3/2014,1
10/2/2014,1
10/1/2014,1
9/30/2014,1
9/29/2014,1
9/28/2014,1
9/27/2014,1
9/26/2014,1
9/25/2014,1
9/24/2014,1
9/23/2014,1
9/22/2014,1
9/21/2014,1
9/20/2014,1
9/19/2014,1
9/18/2014,1
9/17/2014,1
9/16/2014,1
9/15/2014,1
9/14/2014,1
9/13/2014,1
9/12/2014,1
9/11/2014,1
9/10/2014,1
9/9/2014,1
9/8/2014,1
9/7/2014,1
9/6/2014,1
9/5/2014,1
9/4/2014,1
9/3/2014,1
9/2/2014,1
9/1/2014,1
8/31/2014,1
8/30/2014,1
8/29/2014,1
8/28/2014,1
8/27/2014,1
8/26/2014,1
8/25/2014,1
8/24/2014,1
8/23/2014,1
8/22/2014,1
8/21/2014,1
8/20/2014,1
8/19/2014,1
8/18/2014,1
8/17/2014,1
8/16/2014,1
8/15/2014,1
8/14/2014,1
8/13/2014,1
8/12/2014,1
8/11/2014,1
8/10/2014,1
8/9/2014,1
8/8/2014,1
8/7/2014,1
8/6/2014,1
8/5/2014,1
8/4/2014,1
8/3/2014,1
8/2/2014,1
8/1/2014,1
7/31/2014,1
7/30/2014,1
7/29/2014,1
7/28/2014,1
7/27/2014,1
7/26/2014,1
7/25/2014,1
7/24/2014,1
7/23/2014,1
7/22/2014,1
7/21/2014,1
7/20/2014,1
7/19/2014,1
7/18/2014,1
7/17/2014,1
7/16/2014,1
7/15/2014,1
7/14/2014,1
7/13/2014,1
7/12/2014,1
7/11/2014,1
7/10/2014,1
7/9/2014,1
7/8/2014,1
7/7/2014,1
7/6/2014,1
7/5/2014,1
7/4/2014,1
7/3/2014,1
7/2/2014,1
7/1/2014,1
6/30/2014,1
6/29/2014,1
6/28/2014,1
6/27/2014,1
6/26/2014,1
6/25/2014,1
6/24/2014,1
6/23/2014,1
6/22/2014,1
6/21/2014,1
6/20/2014,1
6/19/2014,1
6/18/2014,1
6/17/2014,1
6/16/2014,1
6/15/2014,1
6/14/2014,1
6/13/2014,1
6/12/2014,1
6/11/2014,1
6/10/2014,1
6/9/2014,1
6/8/2014,1
6/7/2014,1
6/6/2014,1
6/5/2014,1
6/4/2014,1
6/3/2014,1
6/2/2014,1
6/1/2014,1
5/31/2014,1
5/30/2014,1
5/29/2014,1
5/28/2014,1
5/27/2014,1
5/26/2014,1
5/25/2014,1
5/24/2014,1
5/23/2014,1
5/22/2014,1
5/21/2014,1
5/20/2014,1
5/19/2014,1
5/18/2014,1
5/17/2014,1
5/16/2014,1
5/15/2014,1
5/14/2014,1
5/13/2014,1
5/12/2014,1
5/11/2014,1
5/10/2014,1
5/9/2014,1
5/8/2014,1
5/7/2014,1
5/6/2014,1
5/5/2014,1
5/4/2014,1
5/3/2014,1
5/2/2014,1
5/1/2014,1
4/30/2014,1
4/29/2014,1
4/28/2014,1
4/27/2014,1
4/26/2014,1
4/25/2014,1
4/24/2014,1
4/23/2014,1
4/22/2014,1
4/21/2014,1
4/20/2014,1
4/19/2014,1