2/20/2020,1369077217
2/19/2020,1369077217
2/18/2020,1508839085
2/17/2020,1442902726
2/16/2020,1546350922
2/15/2020,1556572692
2/14/2020,1657933236
2/13/2020,1615302951
2/12/2020,1650417396
2/11/2020,1563126524
2/10/2020,1478732548
2/9/2020,1524029161
2/8/2020,1410939970
2/7/2020,1386134385
2/6/2020,1360585760
2/5/2020,1355842921
2/4/2020,1306144803
2/3/2020,1336890977
2/2/2020,1303974959
2/1/2020,1274716078
1/31/2020,1255740877
1/30/2020,1298854003
1/29/2020,1220704911
1/28/2020,1175978516
1/27/2020,1140317445
1/26/2020,1106864008
1/25/2020,1069964428
1/24/2020,1071807692
1/23/2020,1083468720
1/22/2020,1129473146
1/21/2020,1146557244
1/20/2020,1131881924
1/19/2020,1131738985
1/18/2020,1170608977
1/17/2020,1203526370
1/16/2020,1142666667
1/15/2020,1185464864
1/14/2020,1092523020
1/13/2020,1007969287
1/12/2020,1028329399
1/11/2020,1016604417
1/10/2020,1014421447
1/9/2020,1023435166
1/8/2020,1032719488
1/7/2020,1018780779
1/6/2020,1024192540
1/5/2020,931388502.3
1/4/2020,872687784
1/3/2020,885782047.6
1/2/2020,788246466.1
1/1/2020,793697728.2
12/31/2019,772626108.8
12/30/2019,798037463.3
12/29/2019,809866475.2
12/28/2019,788781378.1
12/27/2019,781531776.4
12/26/2019,785162066.6
12/25/2019,797849170.3
12/24/2019,796572676.2
12/23/2019,818369978.8
12/22/2019,822044365.7
12/21/2019,782181505.4
12/20/2019,810680478
12/19/2019,822189342.9
12/18/2019,832470732.4
12/17/2019,779219137.4
12/16/2019,851178392.5
12/15/2019,879993747.1
12/14/2019,889678657.4
12/13/2019,907956393.6
12/12/2019,917245409
12/11/2019,917348970.9
12/10/2019,914969087.7
12/9/2019,935863632.5
12/8/2019,933013944.3
12/7/2019,942391690.4
12/6/2019,939585261.4
12/5/2019,932201686.5
12/4/2019,914310375.8
12/3/2019,927407693.8
12/2/2019,936839475.7
12/1/2019,928351046.8
11/30/2019,950771546.7
11/29/2019,966990254.8
11/28/2019,935274749.7
11/27/2019,967205754.5
11/26/2019,889794647.1
11/25/2019,869484157.3
11/24/2019,828586487.5
11/23/2019,896661396.7
11/22/2019,883617617.5
11/21/2019,933043530.2
11/20/2019,1000417855
11/19/2019,1010671497
11/18/2019,1010346302
11/17/2019,1068963650
11/16/2019,1062997522
11/15/2019,1070405712
11/14/2019,1124669655
11/13/2019,1125480148
11/12/2019,1073622246
11/11/2019,1066053802
11/10/2019,1103699943
11/9/2019,1070381138
11/8/2019,1050135372
11/7/2019,1090757284
11/6/2019,1108497891
11/5/2019,1087104884
11/4/2019,1092341424
11/3/2019,1098515910
11/2/2019,1074617518
11/1/2019,1051232284
10/31/2019,1019792224
10/30/2019,1012420395
10/29/2019,1028193959
10/28/2019,1040277675
10/27/2019,1034610517
10/26/2019,979327367.3
10/25/2019,1017111105
10/24/2019,925302299.2
10/23/2019,910744868
10/22/2019,977514607.8
10/21/2019,1000445731
10/20/2019,973128835.6
10/19/2019,939898633.1
10/18/2019,973509818.8
10/17/2019,968641651.8
10/16/2019,947084203.2
10/15/2019,898397703.3
10/14/2019,913615668.1
10/13/2019,919094298.3
10/12/2019,926536819.7
10/11/2019,935273393.5
10/10/2019,962645279.4
10/9/2019,988970304.4
10/8/2019,958194925.2
10/7/2019,972129209.2
10/6/2019,941973792.1
10/5/2019,974443259.1
10/4/2019,988344665.9
10/3/2019,971815796.8
10/2/2019,964657061.6
10/1/2019,960946152.1
9/30/2019,977206845.8
9/29/2019,964458081.8
9/28/2019,993300150.6
9/27/2019,991396516.5
9/26/2019,989596299.3
9/25/2019,1016855316
9/24/2019,1021330770
9/23/2019,1179240813
9/22/2019,1258890287
9/21/2019,1246282446
9/20/2019,1272025765
9/19/2019,1306856706
9/18/2019,1377295808
9/17/2019,1276283272
9/16/2019,1299709608
9/15/2019,1300050353
9/14/2019,1309596856
9/13/2019,1311115978
9/12/2019,1290336336
9/11/2019,1270051590
9/10/2019,1237851744
9/9/2019,1288026583
9/8/2019,1325642369
9/7/2019,1343623669
9/6/2019,1293534754
9/5/2019,1305049603
9/4/2019,1267326608
9/3/2019,1287083922
9/2/2019,1260649826
9/1/2019,1232429875
8/31/2019,1154934191
8/30/2019,1165514769
8/29/2019,1150108101
8/28/2019,1238130027
8/27/2019,1345193101
8/26/2019,1367850533
8/25/2019,1378285567
8/24/2019,1384191684
8/23/2019,1412642377
8/22/2019,1411619766
8/21/2019,1383192222
8/20/2019,1474073896
8/19/2019,1544587008
8/18/2019,1508451909
8/17/2019,1401913357
8/16/2019,1412515699
8/15/2019,1415848793
8/14/2019,1348046196
8/13/2019,1466890983
8/12/2019,1562565565
8/11/2019,1582512894
8/10/2019,1552648089
8/9/2019,1599468519
8/8/2019,1630912358
8/7/2019,1668225487
8/6/2019,1531235258
8/5/2019,1603324673
8/4/2019,1512118521
8/3/2019,1505419830
8/2/2019,1439010497
8/1/2019,1407572299
7/31/2019,1378722382
7/30/2019,1344497540
7/29/2019,1339504227
7/28/2019,1376478666
7/27/2019,1344992793
7/26/2019,1375009521
7/25/2019,1388066087
7/24/2019,1380895639
7/23/2019,1389489894
7/22/2019,1427362559
7/21/2019,1435824436
7/20/2019,1474479878
7/19/2019,1409243140
7/18/2019,1446805763
7/17/2019,1311497544
7/16/2019,1272312194
7/15/2019,1533440228
7/14/2019,1487287789
7/13/2019,1595792512
7/12/2019,1680903967
7/11/2019,1526297748
7/10/2019,1623696920
7/9/2019,1702537817
7/8/2019,1741963304
7/7/2019,1831348932
7/6/2019,1609881261
7/5/2019,1531176333
7/4/2019,1501484428
7/3/2019,1539384690
7/2/2019,1469198477
7/1/2019,1513529218
6/30/2019,1503572443
6/29/2019,1707822365
6/28/2019,1729631273
6/27/2019,1609021695
6/26/2019,1764561797
6/25/2019,1913761472
6/24/2019,2001654156
6/23/2019,1958794714
6/22/2019,1952288303
6/21/2019,1862246506
6/20/2019,1794644243
6/19/2019,1713531235
6/18/2019,1640075959
6/17/2019,1684336312
6/16/2019,1638370908
6/15/2019,1622264070
6/14/2019,1547441345
6/13/2019,1527303343
6/12/2019,1534833241
6/11/2019,1480133857
6/10/2019,1478886262
6/9/2019,1420694233
6/8/2019,1492998249
6/7/2019,1503507798
6/6/2019,1472393146
6/5/2019,1447984846
6/4/2019,1412862206
6/3/2019,1522654682
6/2/2019,1617898511
6/1/2019,1578097249
5/31/2019,1586685275
5/30/2019,1561215486
5/29/2019,1601292437
5/28/2019,1629790108
5/27/2019,1667909582
5/26/2019,1573553495
5/25/2019,1479659867
5/24/2019,1455520191
5/23/2019,1442900594
5/22/2019,1424236592
5/21/2019,1518644292
5/20/2019,1489077958
5/19/2019,1538754387
5/18/2019,1357070899
5/17/2019,1394032837
5/16/2019,1476963551
5/15/2019,1612712810
5/14/2019,1413074938
5/13/2019,1345005415
5/12/2019,1281205181
5/11/2019,1377637005
5/10/2019,1165677069
5/9/2019,1105618448
5/8/2019,1142998233
5/7/2019,1116317664
5/6/2019,1134052838
5/5/2019,1120582963
5/4/2019,1148106665
5/3/2019,1120316533
5/2/2019,1083268968
5/1/2019,1096252329
4/30/2019,1050696531
4/29/2019,1029671402
4/28/2019,1017341712
4/27/2019,1044481868
4/26/2019,1038002075
4/25/2019,1028647809
4/24/2019,1144151850
4/23/2019,1175045491
4/22/2019,1162014840
4/21/2019,1162440196
4/20/2019,1177979425
4/19/2019,1161455188
4/18/2019,1169336127
4/17/2019,1139458866
4/16/2019,1164072914
4/15/2019,1083827351
4/14/2019,1127889414
4/13/2019,1103841898
4/12/2019,1117201238
4/11/2019,1124453766
4/10/2019,1198241473
4/9/2019,1154957849
4/8/2019,1202847842
4/7/2019,1178535592
4/6/2019,1147536588
4/5/2019,1167898860
4/4/2019,1078589543
4/3/2019,1109399966
4/2/2019,1181166013
4/1/2019,1011569328
3/31/2019,941265037.6
3/30/2019,900198749.8
3/29/2019,900559180.5
3/28/2019,888211456.7
3/27/2019,897734240.6
3/26/2019,869455944.9
3/25/2019,858840938
3/24/2019,884783070.2
3/23/2019,882252921.7
3/22/2019,889179122.5
3/21/2019,878123751.8
3/20/2019,914552483.8
3/19/2019,887582587.5
3/18/2019,870062552.8
3/17/2019,880109384.7
3/16/2019,896862242.4
3/15/2019,872325305.4
3/14/2019,851458698.1
3/13/2019,846905945.8
3/12/2019,838491939.3
3/11/2019,824863733.8
3/10/2019,832689677.3
3/9/2019,831254410.1
3/8/2019,816745778.3
3/7/2019,838220970.5
3/6/2019,832523768
3/5/2019,823581042.8
3/4/2019,791152634.7
3/3/2019,816013709.3
3/2/2019,813662269.6
3/1/2019,809758060.2
2/28/2019,799221297.9
2/27/2019,815695044.5
2/26/2019,803428172.2
2/25/2019,812642282
2/24/2019,799422497.8
2/23/2019,897555452
2/22/2019,860854407.1
2/21/2019,823371810
2/20/2019,856714721
2/19/2019,867455879.7
2/18/2019,852585089
2/17/2019,793255379.3
2/16/2019,772579583.2
2/15/2019,781128574.6
2/14/2019,774011502.1
2/13/2019,812824098.8
2/12/2019,806991469.5
2/11/2019,795195808.6
2/10/2019,823518442.2
2/9/2019,802154868
2/8/2019,797001208.3
2/7/2019,715934864.1
2/6/2019,714291122.3
2/5/2019,718198535
2/4/2019,706155152.1
2/3/2019,708574612
2/2/2019,713259094.8
2/1/2019,723759361.2
1/31/2019,722943134.2
1/30/2019,730114652
1/29/2019,716348554.5
1/28/2019,722995550
1/27/2019,770901157.1
1/26/2019,758192056.2
1/25/2019,777806310.4
1/24/2019,762466156.4
1/23/2019,746848598.3
1/22/2019,765719847.2
1/21/2019,735964048.2
1/20/2019,726397045.6
1/19/2019,764317892
1/18/2019,744983211.2
1/17/2019,755680394.3
1/16/2019,764159331.3
1/15/2019,742178142.8
1/14/2019,760120734.5
1/13/2019,710903531.6
1/12/2019,744040152.8
1/11/2019,753486092.9
1/10/2019,747265963.8
1/9/2019,870804161
1/8/2019,879795385.6
1/7/2019,878395318.9
1/6/2019,913321075.4
1/5/2019,823986655.1
1/4/2019,834590138.3
1/3/2019,821161453.9
1/2/2019,865340061.9
1/1/2019,797189381.7
12/31/2018,759213258.9
12/30/2018,796709291.3
12/29/2018,800419137
12/28/2018,820636800.2
12/27/2018,722830809.4
12/26/2018,812841433.5
12/25/2018,833319670.7
12/24/2018,929988958.8
12/23/2018,871409450.3
12/22/2018,851389271.7
12/21/2018,853354296.3
12/20/2018,904514966.4
12/19/2018,760152623.7
12/18/2018,771708890.5
12/17/2018,717800775.5
12/16/2018,640888848.3
12/15/2018,634207497.7
12/14/2018,639702258.8
12/13/2018,668180773.8
12/12/2018,717253226.7
12/11/2018,695165846.6
12/10/2018,723308884.1
12/9/2018,779071118.1
12/8/2018,741124278.1
12/7/2018,761170238.1
12/6/2018,769159259.9
12/5/2018,849983916.7
12/4/2018,932712798.1
12/3/2018,904084073.9
12/2/2018,972994615.8
12/1/2018,980252155.6
11/30/2018,951175234.5
11/29/2018,1004249383
11/28/2018,1039872527
11/27/2018,944507149.3
11/26/2018,866135568.4
11/25/2018,946704285.2
11/24/2018,960136433.8
11/23/2018,1092802082
11/22/2018,1077450178
11/21/2018,1131350404
11/20/2018,1067321557
11/19/2018,1195213973
11/18/2018,1463542420
11/17/2018,1447906250
11/16/2018,1426524394
11/15/2018,1439574230
11/14/2018,1463738352
11/13/2018,1714566432
11/12/2018,1724970244
11/11/2018,1744746093
11/10/2018,1725030482
11/9/2018,1752943912
11/8/2018,1785968202
11/7/2018,1838149160
11/6/2018,1862207427
11/5/2018,1840650612
11/4/2018,1854181186
11/3/2018,1757661375
11/2/2018,1740668418
11/1/2018,1712069638
10/31/2018,1713890211
10/30/2018,1691283701
10/29/2018,1659385284
10/28/2018,1714872075
10/27/2018,1704811217
10/26/2018,1715483536
10/25/2018,1741333844
10/24/2018,1747016824
10/23/2018,1777847360
10/22/2018,1732723979
10/21/2018,1719234241
10/20/2018,1699095689
10/19/2018,1700367227
10/18/2018,1680013948
10/17/2018,1729855721
10/16/2018,1752278330
10/15/2018,1731730807
10/14/2018,1634341046
10/13/2018,1671291229
10/12/2018,1643411481
10/11/2018,1644908363
10/10/2018,1868668178
10/9/2018,1855126805
10/8/2018,1868336458
10/7/2018,1861242077
10/6/2018,1878578691
10/5/2018,1878300935
10/4/2018,1876138436
10/3/2018,1874999902
10/2/2018,1921094665
10/1/2018,1877120505
9/30/2018,1898856542
9/29/2018,1879130164
9/28/2018,1914663126
9/27/2018,1958275145
9/26/2018,1883823944
9/25/2018,1900701289
9/24/2018,1886681679
9/23/2018,2016063338
9/22/2018,2006773867
9/21/2018,2033858072
9/20/2018,1902917044
9/19/2018,1796211980
9/18/2018,1836778948
9/17/2018,1763284745
9/16/2018,1917681500
9/15/2018,1958484078
9/14/2018,1907304397
9/13/2018,1838061627
9/12/2018,1706519508
9/11/2018,1724455985
9/10/2018,1721910922
9/9/2018,1729360619
9/8/2018,1701734538
9/7/2018,1830609906
9/6/2018,1917180499
9/5/2018,1908500179
9/4/2018,2256782965
9/3/2018,2218697953
9/2/2018,1998227177
9/1/2018,1993421728
8/31/2018,1905817940
8/30/2018,1679465459
8/29/2018,1691651294
8/28/2018,1764119620
8/27/2018,1701406146
8/26/2018,1544816104
8/25/2018,1511675977
8/24/2018,1530773993
8/23/2018,1466596002
8/22/2018,1471962934
8/21/2018,1546933111
8/20/2018,1529715698
8/19/2018,1606380082
8/18/2018,1604678844
8/17/2018,1621467199
8/16/2018,1481433449
8/15/2018,1459437211
8/14/2018,1371246533
8/13/2018,1433686117
8/12/2018,1516626993
8/11/2018,1538020972
8/10/2018,1486234639
8/9/2018,1638887246
8/8/2018,1536251370
8/7/2018,1756903689
8/6/2018,1849499931
8/5/2018,1908775460
8/4/2018,1853344246
8/3/2018,1955460176
8/2/2018,1991744544
8/1/2018,2087379670
7/31/2018,1984053202
7/30/2018,2143993704
7/29/2018,2203033379
7/28/2018,2268776325
7/27/2018,2285204833
7/26/2018,2215402897
7/25/2018,2320451150
7/24/2018,2401406095
7/23/2018,2176715597
7/22/2018,2080442588
7/21/2018,2146506089
7/20/2018,2106111707
7/19/2018,2268304498
7/18/2018,2258212443
7/17/2018,2335259813
7/16/2018,2180544147
7/15/2018,2006050143
7/14/2018,1995276182
7/13/2018,1974201643
7/12/2018,1924393861
7/11/2018,2019277918
7/10/2018,1959613956
7/9/2018,2194415549
7/8/2018,2227776141
7/7/2018,2165194713
7/6/2018,2145500130
7/5/2018,2232473978
7/4/2018,2240956028
7/3/2018,2231494722
7/2/2018,2272318788
7/1/2018,2092090847
6/30/2018,2108528352
6/29/2018,2053573472
6/28/2018,1887350773
6/27/2018,2085333765
6/26/2018,1958300823
6/25/2018,2046307107
6/24/2018,1952821119
6/23/2018,1864623128
6/22/2018,1785692166
6/21/2018,1987633364
6/20/2018,1980353947
6/19/2018,2032138802
6/18/2018,2044152591
6/17/2018,1988686806
6/16/2018,2043402007
6/15/2018,1976865307
6/14/2018,2113424249
6/13/2018,1954866016
6/12/2018,2011878994
6/11/2018,2214586750
6/10/2018,2220945414
6/9/2018,2507165820
6/8/2018,2553286755
6/7/2018,2629538131
6/6/2018,2646777402
6/5/2018,2689570511
6/4/2018,2573397639
6/3/2018,2717189894
6/2/2018,2614822103
6/1/2018,2534791790
5/31/2018,2503997463
5/30/2018,2481814308
5/29/2018,2529763821
5/28/2018,2404148763
5/27/2018,2660014689
5/26/2018,2633309633
5/25/2018,2629059515
5/24/2018,2756849113
5/23/2018,2731645662
5/22/2018,2828291674
5/21/2018,3184448425
5/20/2018,3267665755
5/19/2018,3171593565
5/18/2018,3281333394
5/17/2018,3066269842
5/16/2018,3189698944
5/15/2018,3262591988
5/14/2018,3405179010
5/13/2018,3344083433
5/12/2018,3238671178
5/11/2018,3179812819
5/10/2018,3487860244
5/9/2018,3626630162
5/8/2018,3573296816
5/7/2018,3731581148
5/6/2018,3757186872
5/5/2018,3853222395
5/4/2018,3863893917
5/3/2018,3912944925
5/2/2018,3979327856
5/1/2018,3825466859
4/30/2018,3847351945
4/29/2018,4082879495
4/28/2018,4165876139
4/27/2018,4011784032
4/26/2018,4279423782
4/25/2018,4091716950
4/24/2018,4690635504
4/23/2018,4494965986
4/22/2018,4299055273
4/21/2018,4069273890
4/20/2018,4276795091
4/19/2018,3779785622
4/18/2018,3658024518
4/17/2018,3111864021
4/16/2018,3083957950
4/15/2018,3203362399
4/14/2018,3041093324
4/13/2018,3022231394
4/12/2018,3048482370
4/11/2018,2677647492
4/10/2018,2623881595
4/9/2018,2636951405
4/8/2018,2759502036
4/7/2018,2691431019
4/6/2018,2569531763
4/5/2018,2747630777
4/4/2018,2682252747
4/3/2018,3000782005
4/2/2018,2795211966
4/1/2018,2770630238
3/31/2018,2833278369
3/30/2018,2716602644
3/29/2018,2797920790
3/28/2018,3145066570
3/27/2018,2989412581
3/26/2018,3110642331
3/25/2018,3332934673
3/24/2018,3298579637
3/23/2018,3363570843
3/22/2018,3358178226
3/21/2018,3435991942
3/20/2018,3533162913
3/19/2018,3394749633
3/18/2018,3284685041
3/17/2018,3116756121
3/16/2018,3433276501
3/15/2018,3374859200
3/14/2018,3384257397
3/13/2018,3906350135
3/12/2018,4078790680
3/11/2018,4410838185
3/10/2018,4012188411
3/9/2018,4442265278
3/8/2018,4347615762
3/7/2018,5300525309
3/6/2018,5403339228
3/5/2018,5882085120
3/4/2018,5790873975
3/3/2018,5535652953
3/2/2018,5394024378
3/1/2018,4934536094
2/28/2018,4469225225
2/27/2018,4740778499
2/26/2018,4587824546
2/25/2018,4375621720
2/24/2018,4218725887
2/23/2018,4369490418
2/22/2018,4325236056
2/21/2018,4700997787
2/20/2018,4700630601
2/19/2018,4928382499
2/18/2018,4647853892
2/17/2018,5063773361
2/16/2018,4640293368
2/15/2018,4693555360
2/14/2018,4277459312
2/13/2018,3655506402
2/12/2018,3884965924
2/11/2018,3612302695
2/10/2018,3891406583
2/9/2018,4021752808
2/8/2018,3864184044
2/7/2018,3267107681
2/6/2018,3306072732
2/5/2018,2787014002
2/4/2018,3457792605
2/3/2018,3927630275
2/2/2018,3679575220
2/1/2018,3741772204
1/31/2018,4205670944
1/30/2018,4251303648
1/29/2018,4877689759
1/28/2018,5123897318
1/27/2018,5065587716
1/26/2018,5017941618
1/25/2018,4926011030
1/24/2018,4947481454
1/23/2018,4834615506
1/22/2018,4889911469
1/21/2018,5378256913
1/20/2018,5997772121
1/19/2018,5671567563
1/18/2018,4900817652
1/17/2018,4979313854
1/16/2018,4969349045
1/15/2018,6457260282
1/14/2018,6173195380
1/13/2018,6488677795
1/12/2018,5988211745
1/11/2018,5464833183
1/10/2018,6317123832
1/9/2018,6389272006
1/8/2018,6243604750
1/7/2018,6211715667
1/6/2018,5994175003
1/5/2018,5511808524
1/4/2018,5716159013
1/3/2018,5985674340
1/2/2018,5647634506
1/1/2018,5314213794
12/31/2017,5185476193
12/30/2017,4900830769
12/29/2017,5560648430
12/28/2017,5484899755
12/27/2017,5791822704
12/26/2017,5540093415
12/25/2017,5326904200
12/24/2017,5295405833
12/23/2017,5736496152
12/22/2017,5362932262
12/21/2017,6507428662
12/20/2017,7396935166
12/19/2017,5651798351
12/18/2017,5736401441
12/17/2017,5397944073
12/16/2017,5074552176
12/15/2017,4839694318
12/14/2017,5041206632
12/13/2017,4787636099
12/12/2017,4803124909
12/11/2017,4265688247
12/10/2017,3806038897
12/9/2017,4059267361
12/8/2017,4144257219
12/7/2017,4081074484
12/6/2017,4045808203
12/5/2017,3832003531
12/4/2017,3169790695
12/3/2017,3045331677
12/2/2017,3070828623
12/1/2017,2894127076
11/30/2017,2727098038
11/29/2017,2590622760
11/28/2017,2997110205
11/27/2017,2615423505
11/26/2017,2512971161
11/25/2017,2597492870
11/24/2017,2472958088
11/23/2017,2461871620
11/22/2017,2560150224
11/21/2017,2158429831
11/20/2017,2121034386
11/19/2017,1993506336
11/18/2017,2009483553
11/17/2017,1937070852
11/16/2017,1834818123
11/15/2017,1856807053
11/14/2017,1856559512
11/13/2017,1888670508
11/12/2017,1840613741
11/11/2017,1833003191
11/10/2017,1621746986
11/9/2017,1844285347
11/8/2017,1756967504
11/7/2017,1524159262
11/6/2017,1530574175
11/5/2017,1320390739
11/4/2017,1337550074
11/3/2017,1344074603
11/2/2017,1274415288
11/1/2017,1308733051
10/31/2017,1338311484
10/30/2017,1355099205
10/29/2017,1350980599
10/28/2017,1315454339
10/27/2017,1324061717
10/26/2017,1347553944
10/25/2017,1337059215
10/24/2017,1349556825
10/23/2017,1297568540
10/22/2017,1319733316
10/21/2017,1343303697
10/20/2017,1372623694
10/19/2017,1352042721
10/18/2017,1365064299
10/17/2017,1382967707
10/16/2017,1455945906
10/15/2017,1440044943
10/14/2017,1528555160
10/13/2017,1436090478
10/12/2017,1318994748
10/11/2017,1325536830
10/10/2017,1310385194
10/9/2017,1297686087
10/8/2017,1369275306
10/7/2017,1389115363
10/6/2017,1378588439
10/5/2017,1388249000
10/4/2017,1366426767
10/3/2017,1412731188
10/2/2017,1384288209
10/1/2017,1413273286
9/30/2017,1452112334
9/29/2017,1431800929
9/28/2017,1484430052
9/27/2017,1550192407
9/26/2017,1417164967
9/25/2017,1420240654
9/24/2017,1355127435
9/23/2017,1388819262
9/22/2017,1335605552
9/21/2017,1303513885
9/20/2017,1447425276
9/19/2017,1494488792
9/18/2017,1539695982
9/17/2017,1434529809
9/16/2017,1459375689
9/15/2017,1508962152
9/14/2017,1312910554
9/13/2017,1674521332
9/12/2017,1685462952
9/11/2017,1695267905
9/10/2017,1707652114
9/9/2017,1748830108
9/8/2017,1794002549
9/7/2017,1847489772
9/6/2017,1859922713
9/5/2017,1822785331
9/4/2017,1659227431
9/3/2017,1914579924
9/2/2017,1888410189
9/1/2017,2147669248
8/31/2017,2127119127
8/30/2017,2028175731
8/29/2017,1998016916
8/28/2017,2147124651
8/27/2017,1958657159
8/26/2017,2053227301
8/25/2017,1615944472
8/24/2017,1277716002
8/23/2017,1361097779
8/22/2017,1369338309
8/21/2017,1150127848
8/20/2017,819379087.2
8/19/2017,840829315.9
8/18/2017,702004467.1
8/17/2017,712385854.4
8/16/2017,725196054.4
8/15/2017,728335988.3
8/14/2017,744236629.1
8/13/2017,713554707.3
8/12/2017,737899138.2
8/11/2017,759112090
8/10/2017,740956012.3
8/9/2017,759890904.7
8/8/2017,775496963.7
8/7/2017,746911476.9
8/6/2017,711973981.2
8/5/2017,720626492.9
8/4/2017,668040159.8
8/3/2017,646177939.5
8/2/2017,647681374.3
8/1/2017,657131558.3
7/31/2017,593259084.4
7/30/2017,591222495.7
7/29/2017,649492887.8
7/28/2017,650014222.5
7/27/2017,673462737.9
7/26/2017,676896023.7
7/25/2017,603067108.6
7/24/2017,675023655.9
7/23/2017,632927442.4
7/22/2017,661873263.4
7/21/2017,596466266.1
7/20/2017,600405325.3
7/19/2017,519629801.1
7/18/2017,540632383
7/17/2017,515074559.7
7/16/2017,433227356.4
7/15/2017,474890758.4
7/14/2017,523060455
7/13/2017,564295878.1
7/12/2017,594828918.7
7/11/2017,548298123.3
7/10/2017,582173522.6
7/9/2017,664562204.1
7/8/2017,681872971.3
7/7/2017,652746211.2
7/6/2017,740125227
7/5/2017,678995306.1
7/4/2017,671396437.5
7/3/2017,644523776.5
7/2/2017,634625426.3
7/1/2017,606231163.7
6/30/2017,641758415.4
6/29/2017,665283412.9
6/28/2017,695797685.2
6/27/2017,642087655
6/26/2017,637967133.8
6/25/2017,663634962.8
6/24/2017,706531067
6/23/2017,751130489.6
6/22/2017,736621725.7
6/21/2017,711644727.8
6/20/2017,756965530.3
6/19/2017,741820995.1
6/18/2017,729555629.8
6/17/2017,773349855.8
6/16/2017,702444631.6
6/15/2017,673940673.9
6/14/2017,674826598.3
6/13/2017,759551089
6/12/2017,743497001.3
6/11/2017,856608213.7
6/10/2017,774079038.1
6/9/2017,810094822.1
6/8/2017,821603601.5
6/7/2017,776265187.3
6/6/2017,806969671.6
6/5/2017,708503750.8
6/4/2017,629632368.7
6/3/2017,619151821.7
6/2/2017,643604917.4
6/1/2017,640483973.3
5/31/2017,614747804.3
5/30/2017,579534991.3
5/29/2017,606250874.6
5/28/2017,551955418.3
5/27/2017,492193429.9
5/26/2017,570326639.1
5/25/2017,593901423
5/24/2017,653631230.9
5/23/2017,799753884.1
5/22/2017,520160946.9
5/21/2017,501611695.5
5/20/2017,507860849.7
5/19/2017,462262615.9
5/18/2017,440410523.1
5/17/2017,388364944.9
5/16/2017,382352565.6
5/15/2017,403528177.2
5/14/2017,413123399.4
5/13/2017,412125303.3
5/12/2017,415974884.6
5/11/2017,428975302.4
5/10/2017,434954700.1
5/9/2017,406268127.7
5/8/2017,432370652.6
5/7/2017,442436394.5
5/6/2017,417659084.8
5/5/2017,406658640.4
5/4/2017,374107869.2
5/3/2017,369385799.2
5/2/2017,334158870.5
5/1/2017,330547779.4
4/30/2017,349161814.2
4/29/2017,337189342.2
4/28/2017,328811654.7
4/27/2017,311085025.8
4/26/2017,281311244.7
4/25/2017,285617247.4
4/24/2017,282584344.4
4/23/2017,289678927.8
4/22/2017,289145472.2
4/21/2017,293709502.9
4/20/2017,291480179.2
4/19/2017,291928288.8
4/18/2017,297027683.6
4/17/2017,292782375.2
4/16/2017,288214605.9
4/15/2017,295816673.3
4/14/2017,295165676
4/13/2017,307595766.1
4/12/2017,314599839.3
4/11/2017,310925598
4/10/2017,315598097.1
4/9/2017,302058188.9
4/8/2017,298176326.6
4/7/2017,279708734.3
4/6/2017,274846860
4/5/2017,282059753.3
4/4/2017,289319639.9
4/3/2017,286579349.6
4/2/2017,281247636.2
4/1/2017,300109009
3/31/2017,285498694.8
3/30/2017,283648901.8
3/29/2017,295876919.9
3/28/2017,277442858.2
3/27/2017,263316276
3/26/2017,275422079.1
3/25/2017,284195505.5
3/24/2017,300414905.2
3/23/2017,308196195
3/22/2017,298940306.5
3/21/2017,299397791.9
3/20/2017,316367779.9
3/19/2017,325527560.2
3/18/2017,281700417.2
3/17/2017,306410101.9
3/16/2017,314448766.9
3/15/2017,270281554.7
3/14/2017,252999671.9
3/13/2017,258021984.6
3/12/2017,237682933.7
3/11/2017,205892923.4
3/10/2017,185714866
3/9/2017,184411223.9
3/8/2017,176483503.8
3/7/2017,193854920
3/6/2017,218296791
3/5/2017,214623946.8
3/4/2017,194078819.7
3/3/2017,197101606.8
3/2/2017,185560948.9
3/1/2017,173740869.1
2/28/2017,173223618.6
2/27/2017,169789495.9
2/26/2017,169505718.4
2/25/2017,167020153
2/24/2017,168293376.6
2/23/2017,181754379.7
2/22/2017,180638601.7
2/21/2017,174352567.9
2/20/2017,171340852.9
2/19/2017,183488262.6
2/18/2017,187812033.2
2/17/2017,187436146.1
2/16/2017,184049720.2
2/15/2017,191198513.9
2/14/2017,181872175.8
2/13/2017,171310144.2
2/12/2017,172693622
2/11/2017,171652936.4
2/10/2017,168120780.5
2/9/2017,167194921.7
2/8/2017,176495264.3
2/7/2017,174189894.1
2/6/2017,176597242.5
2/5/2017,175709727.8
2/4/2017,173793483.2
2/3/2017,176061875.1
2/2/2017,181596627.3
2/1/2017,183803839.6
1/31/2017,180096142.2
1/30/2017,175827911.3
1/29/2017,174344103.4
1/28/2017,179017908.4
1/27/2017,168292103
1/26/2017,165324448.1
1/25/2017,162563011.6
1/24/2017,161913086
1/23/2017,168780628.9
1/22/2017,168005724.2
1/21/2017,166560921.8
1/20/2017,163915216.7
1/19/2017,168295715
1/18/2017,165934639
1/17/2017,170301280.1
1/16/2017,145921815.2
1/15/2017,148192401.6
1/14/2017,153135509.8
1/13/2017,154555928.6
1/12/2017,163264820.2
1/11/2017,160629523.1
1/10/2017,183602075.4
1/9/2017,186545720.5
1/8/2017,185129001.1
1/7/2017,177783636.6
1/6/2017,190933676.8
1/5/2017,219359409.3
1/4/2017,249610518
1/3/2017,215772327.5
1/2/2017,219412077.6
1/1/2017,188642436.5
12/31/2016,189640989.9
12/30/2016,175749514.2
12/29/2016,178616374.2
12/28/2016,193127670
12/27/2016,170435742.3
12/26/2016,139383763.6
12/25/2016,132224611.1
12/24/2016,130407666.4
12/23/2016,129507804.9
12/22/2016,120386381
12/21/2016,113455223.4
12/20/2016,114063331.5
12/19/2016,116553384.8
12/18/2016,116992180.7
12/17/2016,113094356.7
12/16/2016,115029730.1
12/15/2016,114125938.3
12/14/2016,113616363.7
12/13/2016,109596459
12/12/2016,108248404.1
12/11/2016,107225125.2
12/10/2016,105073125.9
12/9/2016,107294975.1
12/8/2016,104902084.1
12/7/2016,105943820
12/6/2016,101311727.5
12/5/2016,105381400
12/4/2016,105216803.5
12/3/2016,110559058.4
12/2/2016,109640861
12/1/2016,115356059.9
11/30/2016,119656941.9
11/29/2016,101778151.9
11/28/2016,105746507.8
11/27/2016,106625442.3
11/26/2016,102252933.2
11/25/2016,101051752.3
11/24/2016,103847932
11/23/2016,105836914.1
11/22/2016,101563533.4
11/21/2016,90638436.76
11/20/2016,88434905.61
11/19/2016,87537629.65
11/18/2016,89823450.72
11/17/2016,89788073.83
11/16/2016,88664220.57
11/15/2016,97638768.23
11/14/2016,102534674.9
11/13/2016,95314344.3
11/12/2016,98758302.76
11/11/2016,91110810.2
11/10/2016,80688512.51
11/9/2016,80947558.82
11/8/2016,85551360.87
11/7/2016,76099907.13
11/6/2016,66470012.31
11/5/2016,66765116.82
11/4/2016,64338095.23
11/3/2016,65359836.35
11/2/2016,60021432.68
11/1/2016,62313930.74
10/31/2016,67433558.08
10/30/2016,73572632.93
10/29/2016,67160272.74
10/28/2016,75869891.93
10/27/2016,82541041.52
10/26/2016,80819888.96
10/25/2016,79842117.82
10/24/2016,84101067.16
10/23/2016,85286655.05
10/22/2016,85336269.35
10/21/2016,89107348.21
10/20/2016,85873120.67
10/19/2016,87053916.43
10/18/2016,86665518.43
10/17/2016,82516289.61
10/16/2016,84131537.11
10/15/2016,85933595.62
10/14/2016,90929477.7
10/13/2016,90836045.23
10/12/2016,95698542.59
10/11/2016,96045387.98
10/10/2016,90203561.48
10/9/2016,98611036.81
10/8/2016,90002006.34
10/7/2016,89533445.65
10/6/2016,93749526.4
10/5/2016,86076104.46
10/4/2016,98840631.33
10/3/2016,103430051.5
10/2/2016,109464475
10/1/2016,95223267.04
9/30/2016,109493020.9
9/29/2016,112098547.6
9/28/2016,121997504.9
9/27/2016,120795575.6
9/26/2016,121217026.5
9/25/2016,132876736
9/24/2016,138980489.7
9/23/2016,139147444
9/22/2016,131410668.4
9/21/2016,127924993.7
9/20/2016,142931082
9/19/2016,137207169.2
9/18/2016,122494448.8
9/17/2016,124917434.2
9/16/2016,115521391.6
9/15/2016,122899050.7
9/14/2016,134676552.2
9/13/2016,138645001.6
9/12/2016,129685087.8
9/11/2016,138461933.6
9/10/2016,157691122.8
9/9/2016,158089380.3
9/8/2016,163981953.3
9/7/2016,152271084.8
9/6/2016,159595674.1
9/5/2016,177710391.2
9/4/2016,174374732.5
9/3/2016,137323571.2
9/2/2016,129225576.6
9/1/2016,102399115.6
8/31/2016,108058789.2
8/30/2016,108066641.4
8/29/2016,108083317.2
8/28/2016,119234072.8
8/27/2016,65637146.28
8/26/2016,53351505.98
8/25/2016,52751273.68
8/24/2016,56777183.56
8/23/2016,59298996.06
8/22/2016,51997506.98
8/21/2016,32273211.9
8/20/2016,31125918.58
8/19/2016,29211021.49
8/18/2016,27718554.45
8/17/2016,28637071.76
8/16/2016,27997212.17
8/15/2016,27597517.86
8/14/2016,25231603.71
8/13/2016,25068812.46
8/12/2016,24556861.69
8/11/2016,24975140.16
8/10/2016,25287641.41
8/9/2016,25809379.81
8/8/2016,24107803.65
8/7/2016,23902882.88
8/6/2016,23863395.01
8/5/2016,22814784.57
8/4/2016,23354413.03
8/3/2016,19902418.83
8/2/2016,18104044.21
8/1/2016,21251218.41
7/31/2016,22746794.43
7/30/2016,24047235.79
7/29/2016,23790910.23
7/28/2016,23196707.74
7/27/2016,24262968.61
7/26/2016,22634114.38
7/25/2016,23133700.57
7/24/2016,23409831.59
7/23/2016,23731792.54
7/22/2016,22930711.63
7/21/2016,21601773.49
7/20/2016,22063637.39
7/19/2016,23764707.16
7/18/2016,24342561.31
7/17/2016,24815093.84
7/16/2016,24746233.77
7/15/2016,24850857.55
7/14/2016,24958820.71
7/13/2016,24031518.74
7/12/2016,24723998.1
7/11/2016,24610585.11
7/10/2016,23615854.33
7/9/2016,24189800.73
7/8/2016,24224936.39
7/7/2016,23412207.4
7/6/2016,24123518.69
7/5/2016,21345317.06
7/4/2016,20976818.34
7/3/2016,21040654.32
7/2/2016,21464508.59
7/1/2016,20524881.37
6/30/2016,19620293.89
6/29/2016,18929765.76
6/28/2016,18126283.9
6/27/2016,18110889.43
6/26/2016,18171060
6/25/2016,19050704.28
6/24/2016,19305908.9
6/23/2016,19141795.12
6/22/2016,18473547.33
6/21/2016,19746674.14
6/20/2016,21426864.13
6/19/2016,22841710.87
6/18/2016,24452187.51
6/17/2016,21631763.84
6/16/2016,18970598.01
6/15/2016,17775409.29
6/14/2016,16712371.15
6/13/2016,15566915.15
6/12/2016,15250754.74
6/11/2016,13932984.36
6/10/2016,13927992.83
6/9/2016,13577449.47
6/8/2016,12052907.14
6/7/2016,12121170.84
6/6/2016,12123941.51
6/5/2016,12110779.18
6/4/2016,11807470.69
6/3/2016,11401188.31
6/2/2016,11198828.98
6/1/2016,10996847.89
5/31/2016,11156996.14
5/30/2016,10863973.67
5/29/2016,10675531.26
5/28/2016,11005875.42
5/27/2016,10257218.13
5/26/2016,10337499.32
5/25/2016,10413729.28
5/24/2016,10778453.05
5/23/2016,10814895.88
5/22/2016,11183372.44
5/21/2016,11664399.51
5/20/2016,11184896.13
5/19/2016,10161088.93
5/18/2016,10008999.48
5/17/2016,9693399.287
5/16/2016,9699766.82
5/15/2016,9874787.358
5/14/2016,10016735.89
5/13/2016,10083515.82
5/12/2016,10338487.2
5/11/2016,10194877.36
5/10/2016,9822747.801
5/9/2016,9853305.621
5/8/2016,10089797.12
5/7/2016,10455019.63
5/6/2016,10422733.28
5/5/2016,10728686.98
5/4/2016,10805214.72
5/3/2016,10876889.05
5/2/2016,11402996.14
5/1/2016,10807835.41
4/30/2016,10830290.21
4/29/2016,10433583.96
4/28/2016,10645408.11
4/27/2016,11116356.63
4/26/2016,10497257.25
4/25/2016,11302599.49
4/24/2016,12066675.66
4/23/2016,12178435.46
4/22/2016,11549878.28
4/21/2016,11444984.82
4/20/2016,12365076.9
4/19/2016,13058246.19
4/18/2016,12925569.46
4/17/2016,12006660.45
4/16/2016,11400104.89
4/15/2016,11466806.05
4/14/2016,11715836.58
4/13/2016,11967207.48
4/12/2016,10947868.83
4/11/2016,11804291.42
4/10/2016,12670757.35
4/9/2016,13207104.4
4/8/2016,14865744.57
4/7/2016,17350557.23
4/6/2016,17332757.76
4/5/2016,17341666.27
4/4/2016,18252433.49
4/3/2016,17757832
4/2/2016,17802036.62
4/1/2016,16683882.9
3/31/2016,16102620.05
3/30/2016,16479607.49
3/29/2016,17105553.6
3/28/2016,16958008.51
3/27/2016,17385208.13
3/26/2016,19274790.77
3/25/2016,18273427.51
3/24/2016,19086272.46
3/23/2016,16616095.4
3/22/2016,15572314.71
3/21/2016,16689685.96
3/20/2016,16906546.14
3/19/2016,13727064.9
3/18/2016,12987486.89
3/17/2016,14654426.19
3/16/2016,13053850.13
3/15/2016,12875346.98
3/14/2016,12595085.15
3/13/2016,13898749.25
3/12/2016,13070037.8
3/11/2016,12214500.02
3/10/2016,12207914.27
3/9/2016,13748567.91
3/8/2016,13201491.06
3/7/2016,11675097.56
3/6/2016,13620459.97
3/5/2016,13276014.63
3/4/2016,12569953.27
3/3/2016,12059391.07
3/2/2016,9183698.343
3/1/2016,9411619.607
2/29/2016,9674640.948
2/28/2016,9679758.996
2/27/2016,9240267.505
2/26/2016,9063359.961
2/25/2016,8921473.087
2/24/2016,8845491.318
2/23/2016,8347869.772
2/22/2016,8622317.828
2/21/2016,8547413.323
2/20/2016,9036632.329
2/19/2016,9058662.244
2/18/2016,8548169.22
2/17/2016,8015658.373
2/16/2016,10354884.59
2/15/2016,8599975.683
2/14/2016,9238560.298
2/13/2016,8854578.153
2/12/2016,6609195.296
2/11/2016,5791617.717
2/10/2016,5165746.146
2/9/2016,5099203.574
2/8/2016,5241944.133
2/7/2016,5240368.295
2/6/2016,5221010.502
2/5/2016,5381251.453
2/4/2016,5535492.749
2/3/2016,5360615.513
2/2/2016,5394588.367
2/1/2016,5345580.567
1/31/2016,5259459.071
1/30/2016,5529219.547
1/29/2016,5579446.922
1/28/2016,6124529.757
1/27/2016,6567203.078
1/26/2016,6362677.78
1/25/2016,6234760.916
1/24/2016,6757915.621
1/23/2016,6645301.856
1/22/2016,5723765.729
1/21/2016,5949548.872
1/20/2016,5765357.711
1/19/2016,5771105.632
1/18/2016,5304708.48
1/17/2016,4718280.237
1/16/2016,5272198.816
1/15/2016,4588401.481
1/14/2016,5222029.031
1/13/2016,5145394.912
1/12/2016,5203161.332
1/11/2016,5155785.48
1/10/2016,5225897.445
1/9/2016,5221321.083
1/8/2016,5197406.838
1/7/2016,5214742.022
1/6/2016,5341688.571
1/5/2016,5313472.766
1/4/2016,5310295.873
1/3/2016,5198905.057
1/2/2016,5634554.281
1/1/2016,5414641.147
12/31/2015,4773515.493
12/30/2015,4659772.494
12/29/2015,4724218.26
12/28/2015,4689004.555
12/27/2015,4725907.06
12/26/2015,4623380.3
12/25/2015,5102766.348
12/24/2015,5081688.972
12/23/2015,4937690.542
12/22/2015,4960941.354
12/21/2015,5147512.689
12/20/2015,5247533.015
12/19/2015,5002541.027
12/18/2015,5177956.692
12/17/2015,5326916.958
12/16/2015,5427337.862
12/15/2015,5704910.454
12/14/2015,5488515.389
12/13/2015,4682677.509
12/12/2015,4580481.924
12/11/2015,4788302.705
12/10/2015,4460512.138
12/9/2015,4646040.947
12/8/2015,4447148.648
12/7/2015,4357772.654
12/6/2015,4531040.635
12/5/2015,4567578.876
12/4/2015,3808636.815
12/3/2015,3773338.465
12/2/2015,3786981.51
12/1/2015,3831437.792
11/30/2015,4027353.645
11/29/2015,3999897.149
11/28/2015,3997727.897
11/27/2015,3806872.16
11/26/2015,4130804.728
11/25/2015,3949004.868
11/24/2015,3917667.333
11/23/2015,4007455.923
11/22/2015,4054828.075
11/21/2015,3974763.104
11/20/2015,3928521.413
11/19/2015,4109937.894
11/18/2015,4267777.127
11/17/2015,4317310.184
11/16/2015,4363502.828
11/15/2015,4306471.745
11/14/2015,4319669.595
11/13/2015,4584071.399
11/12/2015,4410368.15
11/11/2015,4473456.956
11/10/2015,4619368.99
11/9/2015,4704515.779
11/8/2015,4986562.767
11/7/2015,4479587.362
11/6/2015,4345888.281
11/5/2015,4226441.192
11/4/2015,4805738.244
11/3/2015,4306030.654
11/2/2015,4418789.206
11/1/2015,4260802.727
10/31/2015,3956827.242
10/30/2015,4390758.147
10/29/2015,4359905.442
10/28/2015,4279380.041
10/27/2015,4002298.669
10/26/2015,3795573.408
10/25/2015,4025404.805
10/24/2015,3899034.482
10/23/2015,3887027.889
10/22/2015,3920661.769
10/21/2015,3870404.294
10/20/2015,3902287.83
10/19/2015,3821464.598
10/18/2015,4022673.707
10/17/2015,4121695.802
10/16/2015,3971251.955
10/15/2015,3813118.835
10/14/2015,3860464.735
10/13/2015,3726946.562
10/12/2015,3834708.588
10/11/2015,3694486.025
10/10/2015,3748696.406
10/9/2015,3765499.544
10/8/2015,3745061.681
10/7/2015,3782194.297
10/6/2015,3946851.456
10/5/2015,4012734.408
10/4/2015,3836937.529
10/3/2015,3887412.86
10/2/2015,3916265.562
10/1/2015,3860803.167
9/30/2015,3791745.588
9/29/2015,4109987.691
9/28/2015,4245251.196
9/27/2015,4171068.842
9/26/2015,4279876.22
9/25/2015,4279824.183
9/24/2015,4378288.055
9/23/2015,4333518.602
9/22/2015,4384482.667
9/21/2015,4510178.054
9/20/2015,4548563.461
9/19/2015,4635344.667
9/18/2015,4648498.873
9/17/2015,4612007.135
9/16/2015,4584302.753
9/15/2015,4691019.634
9/14/2015,4475367.727
9/13/2015,4303899.981
9/12/2015,4333918.077
9/11/2015,4600109.317
9/10/2015,4623058.606
9/9/2015,4752947.43
9/8/2015,4761460.144
9/7/2015,4609060.644
9/6/2015,4636947.67
9/5/2015,4451057.044
9/4/2015,4291547.966
9/3/2015,4109376.845
9/2/2015,4138373.869
9/1/2015,4147951.434
8/31/2015,4188184.277
8/30/2015,4113768.47
8/29/2015,4329691.886
8/28/2015,4294138.127
8/27/2015,4222383.485
8/26/2015,4488964.056
8/25/2015,4383059.231
8/24/2015,3936252.688
8/23/2015,4897579.572
8/22/2015,4941150.092
8/21/2015,5114152.973
8/20/2015,5370297.112
8/19/2015,4654715.518
8/18/2015,4472494.168
8/17/2015,5458888.999
8/16/2015,5511390.967
8/15/2015,5408823.422
8/14/2015,5334976.466
8/13/2015,5138163.873
8/12/2015,5442395.707
8/11/2015,5426632.948
8/10/2015,5856354.424
8/9/2015,5949087.798
8/8/2015,5949060.175
8/7/2015,6366632.552
8/6/2015,6447527.26
8/5/2015,5410279.371
8/4/2015,5460024.498
8/3/2015,5197312.5
8/2/2015,5408181.704
8/1/2015,5108280.317
7/31/2015,4942819.513
7/30/2015,5012417.378
7/29/2015,5074677.308
7/28/2015,5346541.335
7/27/2015,5135629.341
7/26/2015,4971920.182
7/25/2015,4875483.026
7/24/2015,4888181.433
7/23/2015,4927110.665
7/22/2015,4940143.746
7/21/2015,5044775.772
7/20/2015,4719087.471
7/19/2015,4630458.943
7/18/2015,4493364.337
7/17/2015,4548787.862
7/16/2015,4535872.409
7/15/2015,4628602.582
7/14/2015,4815336.328
7/13/2015,4829635.261
7/12/2015,5299120.34
7/11/2015,4549583.333
7/10/2015,4400832.114
7/9/2015,4166792.76
7/8/2015,4332407.724
7/7/2015,4304010.014
7/6/2015,4235692.932
7/5/2015,4355337.221
7/4/2015,4249677.676
7/3/2015,4109176.081
7/2/2015,4086431.996
7/1/2015,4148448.738
6/30/2015,4119156.125
6/29/2015,4044297.035
6/28/2015,3872175.019
6/27/2015,4078970.899
6/26/2015,3982950.652
6/25/2015,4093539.107
6/24/2015,4148292.206
6/23/2015,4314685.155
6/22/2015,4410451.759
6/21/2015,4282152.448
6/20/2015,4394187.913
6/19/2015,4141239.15
6/18/2015,4054463.942
6/17/2015,4008178.204
6/16/2015,4068363.965
6/15/2015,4083361.884
6/14/2015,3972131.358
6/13/2015,3933693.19
6/12/2015,3832388.929
6/11/2015,3708667.97
6/10/2015,3873777.049
6/9/2015,3953803.11
6/8/2015,4331259.971
6/7/2015,4142066.801
6/6/2015,4183268.178
6/5/2015,3956344.397
6/4/2015,3728471.449
6/3/2015,3622421.226
6/2/2015,3613097.779
6/1/2015,3598035.566
5/31/2015,3570942.851
5/30/2015,3447441.43
5/29/2015,3460324.297
5/28/2015,3399269.577
5/27/2015,3323449.222
5/26/2015,3468589.854
5/25/2015,3645846.348
5/24/2015,3684840.986
5/23/2015,3639559.599
5/22/2015,3618740.567
5/21/2015,3611216.613
5/20/2015,3938049.337
5/19/2015,3989873.268
5/18/2015,4129460.095
5/17/2015,4288508.792
5/16/2015,4612758.31
5/15/2015,4096007.183
5/14/2015,3753377.368
5/13/2015,3670042.83
5/12/2015,3738174.939
5/11/2015,3882501.105
5/10/2015,4251968.081
5/9/2015,3914920.438
5/8/2015,3695344.085
5/7/2015,3590195.872
5/6/2015,3422728.287
5/5/2015,3473081.075
5/4/2015,3540885.712
5/3/2015,3739627.974
5/2/2015,3709717.043
5/1/2015,3727723.183
4/30/2015,3716119.441
4/29/2015,3587822.279
4/28/2015,3505432.46
4/27/2015,4142707.361
4/26/2015,4120380.094
4/25/2015,4149620.395
4/24/2015,4199852.236
4/23/2015,4443799.443
4/22/2015,4242597.528
4/21/2015,4628051.148
4/20/2015,4930017.446
4/19/2015,4734982.263
4/18/2015,5050736.987
4/17/2015,4609672.768
4/16/2015,4905219.312
4/15/2015,4895856.909
4/14/2015,4766061.302
4/13/2015,5025532.041
4/12/2015,5716558.648
4/11/2015,5929447.247
4/10/2015,5717710.335
4/9/2015,5365803.65
4/8/2015,5338164.909
4/7/2015,5725037.319
4/6/2015,5589094.548
4/5/2015,6286787.658
4/4/2015,5963995.135
4/3/2015,6546949.872
4/2/2015,6859742.506
4/1/2015,6937143.858
3/31/2015,6310831.221
3/30/2015,6003303.025
3/29/2015,4996560.163
3/28/2015,5532529.672
3/27/2015,5347948.466
3/26/2015,5166082.468
3/25/2015,5311122.062
3/24/2015,4807032.549
3/23/2015,5178465.831
3/22/2015,5285265.485
3/21/2015,5030418.011
3/20/2015,4365997.017
3/19/2015,4614901.929
3/18/2015,4305463.663
3/17/2015,5029739.045
3/16/2015,5302106.291
3/15/2015,4625959.567
3/14/2015,4492871.297
3/13/2015,4293025.208
3/12/2015,4556764.485
3/11/2015,4672402.502
3/10/2015,5281515.023
3/9/2015,4203959.309
3/8/2015,3160588.741
3/7/2015,3049640.389
3/6/2015,3207324.915
3/5/2015,3062660.761
3/4/2015,2694647.29
3/3/2015,2739445.673
3/2/2015,2773272.422
3/1/2015,2754874.866
2/28/2015,2717828.593
2/27/2015,2476001.383
2/26/2015,2254125.47
2/25/2015,2315102.125
2/24/2015,2219341.209
2/23/2015,2165119.566
2/22/2015,1934840.182
2/21/2015,1897839.264
2/20/2015,1912521.536
2/19/2015,1807940.734
2/18/2015,1534032.717
2/17/2015,1592677.319
2/16/2015,1566768.834
2/15/2015,1581938.616
2/14/2015,1734252.025
2/13/2015,1582673.579
2/12/2015,1525321.307
2/11/2015,1436819.322
2/10/2015,1519452.44
2/9/2015,1529177.819
2/8/2015,1609389.173
2/7/2015,1692826.771
2/6/2015,1631448.612
2/5/2015,1650899.758
2/4/2015,1742274.418
2/3/2015,1724144.597
2/2/2015,1825354.84
2/1/2015,1784373.817
1/31/2015,1687434.586
1/30/2015,1775390.128
1/29/2015,1889013.121
1/28/2015,1707532.791
1/27/2015,1860993.968
1/26/2015,1855224.295
1/25/2015,1865028.308
1/24/2015,1781940.656
1/23/2015,1653701.092
1/22/2015,1600356.345
1/21/2015,1521694.782
1/20/2015,1391594.265
1/19/2015,1494076.402
1/18/2015,1484415.211
1/17/2015,1406869.929
1/16/2015,1596812.347
1/15/2015,1534087.51
1/14/2015,1272094.796
1/13/2015,1736378.825
1/12/2015,2083557.77
1/11/2015,2178517.872
1/10/2015,2371719.551
1/9/2015,2391463.76
1/8/2015,2467259.702
1/7/2015,2629339.985
1/6/2015,2613673.447
1/5/2015,2371381.444
1/4/2015,2301626.56
1/3/2015,2627106.695
1/2/2015,2558624.686
1/1/2015,2578309.13
12/31/2014,2383455.81
12/30/2014,2762668.977
12/29/2014,2692369.35
12/28/2014,3085818.378
12/27/2014,2820086.759
12/26/2014,2336298.756
12/25/2014,2439266.438
12/24/2014,2247882.816
12/23/2014,1976427.584
12/22/2014,1778123.559
12/21/2014,1833815.194
12/20/2014,1786508.188
12/19/2014,1679809.84
12/18/2014,1646689.56
12/17/2014,1757214.758
12/16/2014,1791324.836
12/15/2014,1948195.73
12/14/2014,2036142.523
12/13/2014,1903166.053
12/12/2014,1914917.196
12/11/2014,2020869.525
12/10/2014,2002684.268
12/9/2014,1991599.087
12/8/2014,2247934.301
12/7/2014,2344033.527
12/6/2014,2230702.213
12/5/2014,2167865.119
12/4/2014,2288744.245
12/3/2014,2551192.482
12/2/2014,2558480.108
12/1/2014,2338725.046
11/30/2014,2729919.998
11/29/2014,2791789.129
11/28/2014,2760664.464
11/27/2014,2694772.921
11/26/2014,2706027.061
11/25/2014,2954224.231
11/24/2014,2573414.579
11/23/2014,2569008.83
11/22/2014,2549776.063
11/21/2014,2582373.301
11/20/2014,2468195.44
11/19/2014,2627306.775
11/18/2014,2782171.452
11/17/2014,2803396.058
11/16/2014,3065870.713
11/15/2014,3031897.099
11/14/2014,3206292.486
11/13/2014,3292388.462
11/12/2014,3405399.425
11/11/2014,3320499.103
11/10/2014,3341993.419
11/9/2014,3271232.575
11/8/2014,2904088.398
11/7/2014,2751143.019
11/6/2014,2648022.978
11/5/2014,2546129.629
11/4/2014,2464978.249
11/3/2014,2550532.275
11/2/2014,2531678.126
11/1/2014,2551856.555
10/31/2014,2652644.263
10/30/2014,2700056.802
10/29/2014,2738216.77
10/28/2014,2955237.38
10/27/2014,3111089.077
10/26/2014,2952694.394
10/25/2014,3133656.283
10/24/2014,3242663.824
10/23/2014,3610453.605
10/22/2014,3972742.78
10/21/2014,3955448.689
10/20/2014,3956823.654
10/19/2014,4122477.581
10/18/2014,3988732.99
10/17/2014,4003112.73
10/16/2014,4102721.469
10/15/2014,4074749.573
10/14/2014,4371088.888
10/13/2014,4443513.136
10/12/2014,4365342.894
10/11/2014,4298245.617
10/10/2014,4495583.816
10/9/2014,4332160.511
10/8/2014,4313522.572
10/7/2014,3886936.067
10/6/2014,3748617.582
10/5/2014,3415676.834
10/4/2014,3750273.319
10/3/2014,4180429.335
10/2/2014,4475377.606
10/1/2014,4505207.014
9/30/2014,4570249.575
9/29/2014,4286407.83
9/28/2014,4501790.786
9/27/2014,4819783.512
9/26/2014,5073718.523
9/25/2014,5128638.476
9/24/2014,5479911.687
9/23/2014,5357424.179
9/22/2014,4495596.582
9/21/2014,4562314.588
9/20/2014,4520726.182
9/19/2014,5073284.104
9/18/2014,5534502.229
9/17/2014,6046078.899
9/16/2014,6375679.761
9/15/2014,6529283.121
9/14/2014,6200770.201
9/13/2014,6231540.739
9/12/2014,6304129.223
9/11/2014,6503902.812
9/10/2014,6529773.427
9/9/2014,5850525.527
9/8/2014,6117804.739
9/7/2014,6108111.647
9/6/2014,6277118.837
9/5/2014,6330792.505
9/4/2014,6717243.053
9/3/2014,6508355.041
9/2/2014,6157241.25
9/1/2014,6504321.496
8/31/2014,6916977.101
8/30/2014,7653924.78
8/29/2014,6865003.403
8/28/2014,6778608.797
8/27/2014,6118495.973
8/26/2014,6144841.637
8/25/2014,6175743.303
8/24/2014,5878783.424
8/23/2014,5404288.909
8/22/2014,5307086.176
8/21/2014,5339615.294
8/20/2014,5350790.328
8/19/2014,4785255.43
8/18/2014,4270211.666
8/17/2014,4251775.771
8/16/2014,4471932.216
8/15/2014,4475677.542
8/14/2014,4876743.824
8/13/2014,5171207.619
8/12/2014,5584027.27
8/11/2014,5670324.392
8/10/2014,5527293.583
8/9/2014,5675241.758
8/8/2014,5735059.426
8/7/2014,5611723.301
8/6/2014,5709719.58
8/5/2014,5555406.982
8/4/2014,5121549.518
8/3/2014,6009707.353
8/2/2014,6314337.678
8/1/2014,6668236.747
7/31/2014,6313171.157
7/30/2014,6174776.149
7/29/2014,6407528.888
7/28/2014,6442677.554
7/27/2014,6084988.575
7/26/2014,6238864.005
7/25/2014,6355752.67
7/24/2014,5514949.796
7/23/2014,6775776.225
7/22/2014,7293320.548
7/21/2014,6990188.554
7/20/2014,6088865.493
7/19/2014,6461813.161
7/18/2014,5723267.893
7/17/2014,6417894.14
7/16/2014,5913807.13
7/15/2014,4576616.636
7/14/2014,4136491.874
7/13/2014,3636321.191
7/12/2014,3557475.977
7/11/2014,3717654.436
7/10/2014,3789469.325
7/9/2014,3976031.499
7/8/2014,4558978.583
7/7/2014,3870986.972
7/6/2014,4655782.445
7/5/2014,4650455.498
7/4/2014,4976896.353
7/3/2014,4973445.157
7/2/2014,4248825.213
7/1/2014,4267748.319
6/30/2014,4489009.256
6/29/2014,4500923.58
6/28/2014,4458316.881
6/27/2014,3749238.358
6/26/2014,4969215.108
6/25/2014,5471567.681
6/24/2014,5240217.418
6/23/2014,6322025.006
6/22/2014,6884971.069
6/21/2014,7907412.274
6/20/2014,6741219.214
6/19/2014,4713724.322
6/18/2014,4221469.411
6/17/2014,4200761.745
6/16/2014,4580440.396
6/15/2014,3825083.315
6/14/2014,3289641.102
6/13/2014,2660483.727
6/12/2014,2309028.605
6/11/2014,2143325.434
6/10/2014,2260071.309
6/9/2014,1928822.509
6/8/2014,1691235.128
6/7/2014,1707061.124
6/6/2014,1556465.166
6/5/2014,1933942.545
6/4/2014,2129637.997
6/3/2014,2286209.076
6/2/2014,2086881.974
6/1/2014,1928189.053
5/31/2014,2171813.64
5/30/2014,1686265.616
5/29/2014,1806007.049
5/28/2014,2315063.483
5/27/2014,2222126.364
5/26/2014,2924998.545
5/25/2014,2981101.546
5/24/2014,3592692.519
5/23/2014,2629398.788
5/22/2014,1747013.993
5/21/2014,1397248.764
5/20/2014,2255093.023
5/19/2014,
5/18/2014,
5/17/2014,
5/16/2014,
5/15/2014,
5/14/2014,
5/13/2014,
5/12/2014,
5/11/2014,
5/10/2014,
5/9/2014,
5/8/2014,
5/7/2014,
5/6/2014,
5/5/2014,
5/4/2014,
5/3/2014,
5/2/2014,
5/1/2014,
4/30/2014,
4/29/2014,
4/28/2014,
4/27/2014,
4/26/2014,
4/25/2014,
4/24/2014,
4/23/2014,
4/22/2014,
4/21/2014,
4/20/2014,
4/19/2014,
4/18/2014,