2/20/2020,78.38597963
2/19/2020,77.72542796
2/18/2020,86.70237999
2/17/2020,82.44623599
2/16/2020,88.37331522
2/15/2020,89.09802
2/14/2020,95.349168
2/13/2020,92.67164791
2/12/2020,95.0535443
2/11/2020,89.853575
2/10/2020,84.73953753
2/9/2020,87.71854498
2/8/2020,80.75021588
2/7/2020,79.60092741
2/6/2020,78.08610579
2/5/2020,77.95613989
2/4/2020,74.90835045
2/3/2020,76.71070683
2/2/2020,74.77646026
2/1/2020,73.23560393
1/31/2020,71.87127081
1/30/2020,74.672185
1/29/2020,69.81747688
1/28/2020,67.961906
1/27/2020,65.33190837
1/26/2020,63.82709459
1/25/2020,61.28879418
1/24/2020,61.48163322
1/23/2020,62.33676658
1/22/2020,64.79171347
1/21/2020,65.77656723
1/20/2020,64.89655535
1/19/2020,65.13762097
1/18/2020,67.07027341
1/17/2020,68.69565568
1/16/2020,65.63089315
1/15/2020,68.31484907
1/14/2020,62.71702973
1/13/2020,57.7887213
1/12/2020,59.26952439
1/11/2020,58.1612834
1/10/2020,58.497078
1/9/2020,58.55092807
1/8/2020,59.44849204
1/7/2020,58.45743008
1/6/2020,58.996824
1/5/2020,53.64660131
1/4/2020,50.23910755
1/3/2020,50.96784928
1/2/2020,45.3871568
1/1/2020,45.7271148
12/31/2019,44.50203908
12/30/2019,46.06462578
12/29/2019,46.60135415
12/28/2019,45.3461316
12/27/2019,45.10439358
12/26/2019,45.21088473
12/25/2019,45.9810981
12/24/2019,45.84737262
12/23/2019,47.07955395
12/22/2019,47.44703557
12/21/2019,45.100094
12/20/2019,46.76128335
12/19/2019,47.43732545
12/18/2019,47.84993173
12/17/2019,44.99637089
12/16/2019,49.03560375
12/15/2019,50.7660958
12/14/2019,51.21326265
12/13/2019,52.50772288
12/12/2019,52.90633989
12/11/2019,52.97107744
12/10/2019,52.677311
12/9/2019,54.43002921
12/8/2019,53.91500979
12/7/2019,54.43165072
12/6/2019,54.22358465
12/5/2019,53.6914752
12/4/2019,52.71970774
12/3/2019,53.3662163
12/2/2019,53.9816914
12/1/2019,53.5564685
11/30/2019,54.92047781
11/29/2019,55.79772427
11/28/2019,53.9905872
11/27/2019,55.85664808
11/26/2019,51.11618647
11/25/2019,49.92691361
11/24/2019,47.52937863
11/23/2019,51.57214755
11/22/2019,51.0738085
11/21/2019,53.929299
11/20/2019,57.7919038
11/19/2019,58.47305586
11/18/2019,58.29677069
11/17/2019,61.78148439
11/16/2019,61.42863635
11/15/2019,61.76858126
11/14/2019,64.94940163
11/13/2019,64.9638808
11/12/2019,62.27018601
11/11/2019,61.61806376
11/10/2019,63.7128994
11/9/2019,61.8238217
11/8/2019,60.49634345
11/7/2019,62.87771759
11/6/2019,64.05762587
11/5/2019,62.76694884
11/4/2019,63.1908066
11/3/2019,63.19878147
11/2/2019,62.33661434
11/1/2019,60.8206912
10/31/2019,58.83970814
10/30/2019,58.3946175
10/29/2019,59.6725302
10/28/2019,59.52032251
10/27/2019,60.06500538
10/26/2019,56.85805622
10/25/2019,59.03628778
10/24/2019,53.2829275
10/23/2019,53.06622405
10/22/2019,56.46726282
10/21/2019,57.68520318
10/20/2019,56.41473664
10/19/2019,54.42626815
10/18/2019,55.3673568
10/17/2019,56.03481506
10/16/2019,54.69444628
10/15/2019,52.06463336
10/14/2019,53.14136551
10/13/2019,53.3459069
10/12/2019,53.58004097
10/11/2019,54.06149102
10/10/2019,55.82954347
10/9/2019,57.3138195
10/8/2019,55.47331933
10/7/2019,56.33096345
10/6/2019,54.67087995
10/5/2019,56.5274798
10/4/2019,57.14649982
10/3/2019,56.2373716
10/2/2019,55.93946965
10/1/2019,55.41317518
9/30/2019,56.96296735
9/29/2019,55.77373085
9/28/2019,57.77294992
9/27/2019,57.79662422
9/26/2019,57.08623926
9/25/2019,59.6996928
9/24/2019,58.99002378
9/23/2019,68.40467235
9/22/2019,72.92978124
9/21/2019,72.54295935
9/20/2019,73.7056671
9/19/2019,76.16051892
9/18/2019,81.38656447
9/17/2019,73.98021688
9/16/2019,75.32681151
9/15/2019,75.3864881
9/14/2019,76.0602962
9/13/2019,76.83729557
9/12/2019,75.1828573
9/11/2019,73.94670707
9/10/2019,71.86252032
9/9/2019,74.85455724
9/8/2019,77.16964761
9/7/2019,78.15326416
9/6/2019,75.03565793
9/5/2019,75.9717471
9/4/2019,73.98737114
9/3/2019,74.97562142
9/2/2019,73.30300587
9/1/2019,71.64483255
8/31/2019,67.11098331
8/30/2019,67.83813745
8/29/2019,66.8887466
8/28/2019,71.91582802
8/27/2019,78.38970423
8/26/2019,79.65824565
8/25/2019,80.60327993
8/24/2019,80.5988692
8/23/2019,82.068624
8/22/2019,82.05875891
8/21/2019,80.78216665
8/20/2019,85.91588733
8/19/2019,89.44213596
8/18/2019,87.80428591
8/17/2019,81.78882046
8/16/2019,82.26543839
8/15/2019,82.47312261
8/14/2019,78.68077219
8/13/2019,85.5947664
8/12/2019,91.03340409
8/11/2019,92.28736836
8/10/2019,90.4617934
8/9/2019,93.4514416
8/8/2019,95.3881028
8/7/2019,97.32910353
8/6/2019,89.6473407
8/5/2019,93.3557
8/4/2019,88.02961104
8/3/2019,87.92495822
8/2/2019,83.92430121
8/1/2019,82.14961619
7/31/2019,80.64282554
7/30/2019,78.39906264
7/29/2019,78.2420136
7/28/2019,80.36155042
7/27/2019,78.8849984
7/26/2019,80.44959827
7/25/2019,80.9002126
7/24/2019,80.23051731
7/23/2019,81.09985978
7/22/2019,83.53048767
7/21/2019,84.227599
7/20/2019,85.2485873
7/19/2019,82.46123203
7/18/2019,84.07080349
7/17/2019,76.91594249
7/16/2019,74.1729428
7/15/2019,88.970217
7/14/2019,86.22301636
7/13/2019,93.5336538
7/12/2019,98.37436093
7/11/2019,89.76340901
7/10/2019,94.9110602
7/9/2019,99.5606122
7/8/2019,101.5732052
7/7/2019,107.3370327
7/6/2019,94.416
7/5/2019,89.52230762
7/4/2019,87.71968946
7/3/2019,89.99519327
7/2/2019,86.46865821
7/1/2019,88.6388634
6/30/2019,88.1354411
6/29/2019,99.47710115
6/28/2019,101.4440779
6/27/2019,94.78392483
6/26/2019,103.36432
6/25/2019,111.8108602
6/24/2019,117.5669218
6/23/2019,115.0709461
6/22/2019,114.1612004
6/21/2019,110.138743
6/20/2019,105.2384474
6/19/2019,100.5499109
6/18/2019,96.25549587
6/17/2019,98.31253155
6/16/2019,95.85404133
6/15/2019,95.1284349
6/14/2019,90.78874944
6/13/2019,89.71182
6/12/2019,90.43396139
6/11/2019,86.721193
6/10/2019,86.95738679
6/9/2019,83.38003488
6/8/2019,87.53267877
6/7/2019,87.9279766
6/6/2019,86.77118127
6/5/2019,84.73438502
6/4/2019,83.24773246
6/3/2019,88.79239384
6/2/2019,95.20122438
6/1/2019,93.06235622
5/31/2019,93.0219127
5/30/2019,91.81029171
5/29/2019,93.69001427
5/28/2019,95.68954947
5/27/2019,97.46289527
5/26/2019,92.40330542
5/25/2019,87.08399888
5/24/2019,85.66958419
5/23/2019,84.62615539
5/22/2019,83.28061889
5/21/2019,88.85229576
5/20/2019,87.87214622
5/19/2019,90.77359
5/18/2019,79.5346872
5/17/2019,82.35510521
5/16/2019,87.075576
5/15/2019,94.45148557
5/14/2019,83.44914798
5/13/2019,79.39189177
5/12/2019,75.56938379
5/11/2019,79.12216445
5/10/2019,68.5661004
5/9/2019,65.32252543
5/8/2019,67.4932037
5/7/2019,65.01166966
5/6/2019,66.67117209
5/5/2019,65.77633351
5/4/2019,67.48352935
5/3/2019,65.98440759
5/2/2019,63.66001605
5/1/2019,64.6575211
4/30/2019,61.94731686
4/29/2019,60.08275047
4/28/2019,60.14089994
4/27/2019,61.65150207
4/26/2019,60.58276184
4/25/2019,60.25798472
4/24/2019,67.71833575
4/23/2019,68.9202472
4/22/2019,68.70200824
4/21/2019,68.73065265
4/20/2019,69.67719306
4/19/2019,68.56241771
4/18/2019,68.96164288
4/17/2019,67.4103136
4/16/2019,68.5065867
4/15/2019,63.93908814
4/14/2019,66.70440749
4/13/2019,64.98986814
4/12/2019,65.99255
4/11/2019,66.08004612
4/10/2019,70.88785887
4/9/2019,68.26882576
4/8/2019,71.17259101
4/7/2019,69.78324388
4/6/2019,68.05745424
4/5/2019,69.4978767
4/4/2019,63.72842299
4/3/2019,66.22061459
4/2/2019,69.3787118
4/1/2019,59.85437038
3/31/2019,56.0834864
3/30/2019,53.41757621
3/29/2019,53.3901238
3/28/2019,52.44269478
3/27/2019,53.10177943
3/26/2019,51.44867696
3/25/2019,50.887232
3/24/2019,52.403868
3/23/2019,52.30617873
3/22/2019,52.6017908
3/21/2019,52.02864841
3/20/2019,53.83966708
3/19/2019,52.56673356
3/18/2019,51.49423601
3/17/2019,52.21326264
3/16/2019,53.1576528
3/15/2019,51.73632555
3/14/2019,50.59385625
3/13/2019,50.11479111
3/12/2019,49.7638594
3/11/2019,48.93386007
3/10/2019,49.38672436
3/9/2019,49.45448484
3/8/2019,48.51678089
3/7/2019,49.62381111
3/6/2019,49.41392291
3/5/2019,48.82364839
3/4/2019,46.77036941
3/3/2019,48.5847917
3/2/2019,48.27178369
3/1/2019,48.02308046
2/28/2019,47.35029504
2/27/2019,48.40010474
2/26/2019,47.72758537
2/25/2019,48.32246793
2/24/2019,47.16907642
2/23/2019,53.55680314
2/22/2019,50.52448807
2/21/2019,48.95021502
2/20/2019,50.8993329
2/19/2019,51.16112252
2/18/2019,50.6170227
2/17/2019,47.1763072
2/16/2019,45.7937355
2/15/2019,46.23755612
2/14/2019,45.73766916
2/13/2019,48.261555
2/12/2019,48.05181116
2/11/2019,47.27923676
2/10/2019,49.22680911
2/9/2019,47.74616783
2/8/2019,47.51895202
2/7/2019,42.56274469
2/6/2019,42.562443
2/5/2019,42.73313835
2/4/2019,42.0088933
2/3/2019,42.1901011
2/2/2019,42.56266335
2/1/2019,42.88416168
1/31/2019,43.0329658
1/30/2019,43.42500501
1/29/2019,42.61861891
1/28/2019,42.95570448
1/27/2019,45.98502378
1/26/2019,45.12009196
1/25/2019,46.4424428
1/24/2019,45.40183195
1/23/2019,44.40403552
1/22/2019,45.59720965
1/21/2019,44.0732448
1/20/2019,43.28991257
1/19/2019,45.47886543
1/18/2019,44.41861965
1/17/2019,45.06042824
1/16/2019,45.74093229
1/15/2019,44.1928466
1/14/2019,45.40046584
1/13/2019,42.54651095
1/12/2019,44.42569917
1/11/2019,45.07315028
1/10/2019,44.722002
1/9/2019,52.20702545
1/8/2019,52.5129605
1/7/2019,52.73174925
1/6/2019,54.549585
1/5/2019,49.3165952
1/4/2019,49.82126821
1/3/2019,49.0082009
1/2/2019,51.6432123
1/1/2019,47.77556511
12/31/2018,45.3320074
12/30/2018,47.79398176
12/29/2018,46.90065879
12/28/2018,49.32692019
12/27/2018,43.54205787
12/26/2018,48.7682804
12/25/2018,50.14156735
12/24/2018,55.4903586
12/23/2018,52.31723181
12/22/2018,51.31368157
12/21/2018,51.04958409
12/20/2018,54.44243261
12/19/2018,45.46953022
12/18/2018,46.25418245
12/17/2018,42.9748117
12/16/2018,38.50012364
12/15/2018,38.04380021
12/14/2018,38.349
12/13/2018,40.26212083
12/12/2018,43.22709406
12/11/2018,41.68733651
12/10/2018,43.29867408
12/9/2018,46.6280328
12/8/2018,44.37136799
12/7/2018,46.1293786
12/6/2018,45.49306416
12/5/2018,50.95890862
12/4/2018,56.24968416
12/3/2018,53.92144152
12/2/2018,58.65927398
12/1/2018,58.71130985
11/30/2018,57.38503356
11/29/2018,60.750891
11/28/2018,63.0280474
11/27/2018,56.64060791
11/26/2018,52.49947208
11/25/2018,57.113905
11/24/2018,57.04982121
11/23/2018,65.68779944
11/22/2018,64.43154068
11/21/2018,67.6617291
11/20/2018,64.60117504
11/19/2018,70.54716449
11/18/2018,88.28110439
11/17/2018,87.22831103
11/16/2018,85.74356693
11/15/2018,87.5728
11/14/2018,88.61123485
11/13/2018,103.3364448
11/12/2018,103.89951
11/11/2018,105.8219526
11/10/2018,103.970115
11/9/2018,105.94375
11/8/2018,107.9965614
11/7/2018,110.8774805
11/6/2018,112.3502665
11/5/2018,111.3260992
11/4/2018,111.9954944
11/3/2018,106.2380134
11/2/2018,105.2076373
11/1/2018,103.7449374
10/31/2018,103.909595
10/30/2018,102.2449869
10/29/2018,100.233802
10/28/2018,103.570188
10/27/2018,102.9496305
10/26/2018,103.784073
10/25/2018,105.2375038
10/24/2018,105.5793975
10/23/2018,107.3453539
10/22/2018,105.0326707
10/21/2018,103.9927643
10/20/2018,102.7982099
10/19/2018,102.7078925
10/18/2018,101.8591025
10/17/2018,104.6059625
10/16/2018,106.28674
10/15/2018,104.2595619
10/14/2018,98.68068
10/13/2018,101.7312402
10/12/2018,99.56159315
10/11/2018,99.11518001
10/10/2018,113.1236163
10/9/2018,112.3657246
10/8/2018,113.2714625
10/7/2018,112.9345525
10/6/2018,113.912866
10/5/2018,114.5289538
10/4/2018,114.2088927
10/3/2018,113.7360036
10/2/2018,116.02825
10/1/2018,114.248066
9/30/2018,115.2966638
9/29/2018,114.1886928
9/28/2018,116.3163222
9/27/2018,118.9663777
9/26/2018,114.9236415
9/25/2018,116.0111246
9/24/2018,114.9462468
9/23/2018,121.9468929
9/22/2018,121.9883173
9/21/2018,123.6775293
9/20/2018,115.8672281
9/19/2018,109.433292
9/18/2018,111.5758941
9/17/2018,105.8895865
9/16/2018,116.7591407
9/15/2018,118.805218
9/14/2018,116.1044595
9/13/2018,112.0188053
9/12/2018,103.8462413
9/11/2018,104.8002219
9/10/2018,105.1171932
9/9/2018,104.8278324
9/8/2018,103.6695705
9/7/2018,110.72
9/6/2018,116.9463803
9/5/2018,114.5388335
9/4/2018,137.820003
9/3/2018,135.2091417
9/2/2018,119.950022
9/1/2018,120.637252
8/31/2018,115.8217126
8/30/2018,103.21396
8/29/2018,103.3493472
8/28/2018,107.7719068
8/27/2018,105.0636502
8/26/2018,94.6104952
8/25/2018,92.20829805
8/24/2018,93.6342306
8/23/2018,89.7188875
8/22/2018,89.5844372
8/21/2018,94.79178489
8/20/2018,92.660284
8/19/2018,98.49383805
8/18/2018,97.97572155
8/17/2018,99.43534451
8/16/2018,90.72861113
8/15/2018,89.06666
8/14/2018,83.69426319
8/13/2018,87.3492411
8/12/2018,92.60642417
8/11/2018,92.9748284
8/10/2018,91.1167148
8/9/2018,99.9886528
8/8/2018,94.53654871
8/7/2018,107.4829472
8/6/2018,112.9946033
8/5/2018,117.0577935
8/4/2018,114.0506022
8/3/2018,120.0809804
8/2/2018,122.2399968
8/1/2018,128.3599389
7/31/2018,121.5210139
7/30/2018,131.4609831
7/29/2018,135.4529589
7/28/2018,139.9186729
7/27/2018,139.7667395
7/26/2018,136.1698689
7/25/2018,143.5403354
7/24/2018,147.6552931
7/23/2018,133.4722298
7/22/2018,127.5066589
7/21/2018,131.9337738
7/20/2018,129.5726703
7/19/2018,139.3682824
7/18/2018,139.4589808
7/17/2018,143.7429607
7/16/2018,135.0592988
7/15/2018,123.7161105
7/14/2018,122.7567092
7/13/2018,121.4526908
7/12/2018,120.3820064
7/11/2018,124.6334276
7/10/2018,120.5996001
7/9/2018,135.068355
7/8/2018,137.6530321
7/7/2018,134.1520691
7/6/2018,133.0851247
7/5/2018,137.5993807
7/4/2018,139.1907158
7/3/2018,138.001928
7/2/2018,140.3970703
7/1/2018,130.1430451
6/30/2018,130.3586502
6/29/2018,126.6906428
6/28/2018,116.5006812
6/27/2018,128.8485014
6/26/2018,119.9340807
6/25/2018,126.7918802
6/24/2018,121.0127644
6/23/2018,114.9224949
6/22/2018,109.7823514
6/21/2018,123.5186469
6/20/2018,122.4967278
6/19/2018,125.6497731
6/18/2018,126.570525
6/17/2018,122.9697276
6/16/2018,126.2218997
6/15/2018,121.8368529
6/14/2018,132.7558475
6/13/2018,121.7223776
6/12/2018,125.2185177
6/11/2018,137.7377711
6/10/2018,139.6105923
6/9/2018,154.274693
6/8/2018,158.0005918
6/7/2018,163.0093527
6/6/2018,164.1615245
6/5/2018,166.9670767
6/4/2018,159.7245109
6/3/2018,168.710373
6/2/2018,162.0104764
6/1/2018,157.2170368
5/31/2018,155.3524258
5/30/2018,154.2634667
5/29/2018,157.2402883
5/28/2018,149.4691875
5/27/2018,166.2714357
5/26/2018,164.8033088
5/25/2018,164.2704036
5/24/2018,171.8357762
5/23/2018,170.653083
5/22/2018,174.9710334
5/21/2018,198.3121422
5/20/2018,203.4212172
5/19/2018,197.5488
5/18/2018,204.1541707
5/17/2018,190.9724146
5/16/2018,198.690575
5/15/2018,203.2708904
5/14/2018,212.9776576
5/13/2018,207.7612962
5/12/2018,201.141144
5/11/2018,197.0110175
5/10/2018,216.1829183
5/9/2018,226.1407353
5/8/2018,223.4883883
5/7/2018,232.9397338
5/6/2018,234.9852682
5/5/2018,240.67036
5/4/2018,241.6920081
5/3/2018,245.0139253
5/2/2018,248.1941759
5/1/2018,238.3717931
4/30/2018,240.9319957
4/29/2018,255.1437768
4/28/2018,260.6206026
4/27/2018,250.108947
4/26/2018,268.032101
4/25/2018,256.1094725
4/24/2018,292.2005826
4/23/2018,281.9013058
4/22/2018,268.1932058
4/21/2018,255.355413
4/20/2018,270.8303509
4/19/2018,236.4955288
4/18/2018,228.9213301
4/17/2018,194.904489
4/16/2018,193.6002603
4/15/2018,200.6683644
4/14/2018,190.409758
4/13/2018,188.5786865
4/12/2018,192.9344552
4/11/2018,168.3908831
4/10/2018,164.7461409
4/9/2018,166.2025348
4/8/2018,173.2220293
4/7/2018,169.515295
4/6/2018,161.6196186
4/5/2018,172.2898063
4/4/2018,168.6760917
4/3/2018,188.6657557
4/2/2018,176.142681
4/1/2018,174.3594758
3/31/2018,177.5773434
3/30/2018,171.8323185
3/29/2018,175.082986
3/28/2018,198.619614
3/27/2018,187.0008
3/26/2018,195.2479314
3/25/2018,210.337428
3/24/2018,206.8373145
3/23/2018,214.991039
3/22/2018,210.6850472
3/21/2018,217.2639946
3/20/2018,222.7371767
3/19/2018,216.7494099
3/18/2018,208.1204961
3/17/2018,195.8526581
3/16/2018,213.5940886
3/15/2018,212.2460707
3/14/2018,212.9665635
3/13/2018,246.0824561
3/12/2018,256.8609329
3/11/2018,279.4444661
3/10/2018,253.8638064
3/9/2018,284.4875899
3/8/2018,274.731951
3/7/2018,336.75368
3/6/2018,343.6435326
3/5/2018,368.0729081
3/4/2018,365.6209967
3/3/2018,349.0725
3/2/2018,343.032689
3/1/2018,312.2655342
2/28/2018,283.2576752
2/27/2018,297.549304
2/26/2018,291.2847481
2/25/2018,278.0043168
2/24/2018,267.0561244
2/23/2018,278.2149471
2/22/2018,273.5955369
2/21/2018,307.1195693
2/20/2018,297.686304
2/19/2018,312.9588584
2/18/2018,294.5512609
2/17/2018,321.074223
2/16/2018,293.7979439
2/15/2018,295.5308998
2/14/2018,274.1469573
2/13/2018,232.2004248
2/12/2018,247.0700562
2/11/2018,227.6828467
2/10/2018,247.3365776
2/9/2018,257.776507
2/8/2018,247.4458075
2/7/2018,206.5161462
2/6/2018,210.7488806
2/5/2018,177.9405477
2/4/2018,217.9320835
2/3/2018,253.71115
2/2/2018,234.8919073
2/1/2018,237.573336
1/31/2018,270.2168588
1/30/2018,270.4120244
1/29/2018,312.7719241
1/28/2018,328.9961699
1/27/2018,323.4219877
1/26/2018,323.8656638
1/25/2018,316.5050924
1/24/2018,319.7839015
1/23/2018,308.9079081
1/22/2018,314.51695
1/21/2018,346.9510419
1/20/2018,384.5150619
1/19/2018,364.4662931
1/18/2018,313.0533909
1/17/2018,321.7094269
1/16/2018,319.03116
1/15/2018,413.0318623
1/14/2018,394.70016
1/13/2018,415.8495687
1/12/2018,389.3248325
1/11/2018,351.5574674
1/10/2018,405.1106131
1/9/2018,408.8116175
1/8/2018,401.999732
1/7/2018,395.8771003
1/6/2018,392.5034683
1/5/2018,356.92688
1/4/2018,370.6496523
1/3/2018,385.1746263
1/2/2018,363.2267006
1/1/2018,339.6611971
12/31/2017,330.5837076
12/30/2017,307.7210528
12/29/2017,350.4554034
12/28/2017,354.878322
12/27/2017,373.9976075
12/26/2017,358.8864623
12/25/2017,340.2114814
12/24/2017,344.0909493
12/23/2017,358.618689
12/22/2017,334.8799956
12/21/2017,416.8632
12/20/2017,472.1776426
12/19/2017,362.84646
12/18/2017,371.1433102
12/17/2017,345.89225
12/16/2017,322.9520196
12/15/2017,308.6611268
12/14/2017,321.4549588
12/13/2017,301.2095125
12/12/2017,299.70018
12/11/2017,272.2887927
12/10/2017,236.069679
12/9/2017,252.7745803
12/8/2017,261.778824
12/7/2017,255.9718458
12/6/2017,253.3968275
12/5/2017,247.9101833
12/4/2017,208.5489046
12/3/2017,196.7626125
12/2/2017,199.5888283
12/1/2017,188.8470349
11/30/2017,174.110875
11/29/2017,168.1785
11/28/2017,195.6494552
11/27/2017,172.6094846
11/26/2017,162.24355
11/25/2017,166.7061894
11/24/2017,158.1950079
11/23/2017,157.183575
11/22/2017,164.7291786
11/21/2017,142.2315721
11/20/2017,135.863506
11/19/2017,129.2673525
11/18/2017,130.7009536
11/17/2017,126.6375
11/16/2017,119.7053748
11/15/2017,121.1531212
11/14/2017,122.154147
11/13/2017,123.3753632
11/12/2017,124.4151097
11/11/2017,119.8577518
11/10/2017,105.4936934
11/9/2017,120.5860452
11/8/2017,113.7151843
11/7/2017,98.74108748
11/6/2017,101.6932199
11/5/2017,85.8694518
11/4/2017,87.32119294
11/3/2017,87.347625
11/2/2017,82.75013
11/1/2017,84.97441862
10/31/2017,87.35766824
10/30/2017,88.70925505
10/29/2017,87.77703398
10/28/2017,85.49049073
10/27/2017,86.57835
10/26/2017,88.35
10/25/2017,87.22122525
10/24/2017,88.15357447
10/23/2017,84.63913899
10/22/2017,85.98535508
10/21/2017,87.81455638
10/20/2017,89.77300589
10/19/2017,88.38913234
10/18/2017,89.28159634
10/17/2017,90.6458337
10/16/2017,95.21203883
10/15/2017,94.89806893
10/14/2017,99.30578607
10/13/2017,95.09253435
10/12/2017,86.94059216
10/11/2017,87.23155928
10/10/2017,86.61441649
10/9/2017,84.85501877
10/8/2017,89.43080296
10/7/2017,90.97539463
10/6/2017,90.57052268
10/5/2017,90.98955895
10/4/2017,90.30431349
10/3/2017,93.58700406
10/2/2017,91.3866988
10/1/2017,92.74834554
9/30/2017,95.5345596
9/29/2017,94.65028239
9/28/2017,97.97970077
9/27/2017,102.5593017
9/26/2017,93.3904806
9/25/2017,93.91841718
9/24/2017,89.15054588
9/23/2017,91.74532284
9/22/2017,87.79277064
9/21/2017,85.81006228
9/20/2017,95.13713283
9/19/2017,97.60884111
9/18/2017,102.2488684
9/17/2017,94.15972204
9/16/2017,95.94108637
9/15/2017,100.0334704
9/14/2017,85.6978245
9/13/2017,110.355457
9/12/2017,111.8259849
9/11/2017,112.3352191
9/10/2017,112.5237837
9/9/2017,115.2280559
9/8/2017,117.63136
9/7/2017,121.6650604
9/6/2017,122.6260628
9/5/2017,119.1085854
9/4/2017,106.9259837
9/3/2017,126.474219
9/2/2017,125.116958
9/1/2017,143.024602
8/31/2017,141.0810427
8/30/2017,133.4749742
8/29/2017,132.4652626
8/28/2017,143.6400201
8/27/2017,130.4774144
8/26/2017,137.584815
8/25/2017,107.5926624
8/24/2017,86.03092491
8/23/2017,89.40501556
8/22/2017,90.68720425
8/21/2017,77.5662758
8/20/2017,54.47015513
8/19/2017,54.84406687
8/18/2017,46.461897
8/17/2017,47.1338724
8/16/2017,48.78636419
8/15/2017,48.70740293
8/14/2017,49.60781266
8/13/2017,47.56798896
8/12/2017,48.98525221
8/11/2017,50.64333367
8/10/2017,48.97650268
8/9/2017,50.94031447
8/8/2017,51.85358327
8/7/2017,50.35992806
8/6/2017,47.77501283
8/5/2017,48.56638613
8/4/2017,44.9878338
8/3/2017,43.408886
8/2/2017,43.75885065
8/1/2017,44.34158109
7/31/2017,39.69618737
7/30/2017,39.62612213
7/29/2017,43.28249939
7/28/2017,43.8060831
7/27/2017,45.57216579
7/26/2017,46.08104225
7/25/2017,40.77294354
7/24/2017,45.57737133
7/23/2017,42.58251223
7/22/2017,44.68761489
7/21/2017,40.2614907
7/20/2017,41.14041429
7/19/2017,34.9694965
7/18/2017,36.6259481
7/17/2017,34.87320606
7/16/2017,29.339739
7/15/2017,31.80190325
7/14/2017,35.4784176
7/13/2017,38.11609711
7/12/2017,40.48689228
7/11/2017,37.00733555
7/10/2017,39.54417957
7/9/2017,44.91670171
7/8/2017,46.11668991
7/7/2017,44.44454046
7/6/2017,50.18757901
7/5/2017,46.1103735
7/4/2017,45.40717725
7/3/2017,43.6206119
7/2/2017,42.82500248
7/1/2017,41.25462341
6/30/2017,44.02995317
6/29/2017,45.28648269
6/28/2017,47.24262171
6/27/2017,44.11817955
6/26/2017,43.4384785
6/25/2017,45.08660562
6/24/2017,47.57119717
6/23/2017,51.08927872
6/22/2017,50.56822334
6/21/2017,48.88964228
6/20/2017,52.0600548
6/19/2017,50.632422
6/18/2017,50.00854162
6/17/2017,52.5816689
6/16/2017,48.0537112
6/15/2017,46.1217882
6/14/2017,46.3146285
6/13/2017,51.9655595
6/12/2017,50.67827394
6/11/2017,58.79222764
6/10/2017,52.780021
6/9/2017,55.71962438
6/8/2017,56.02265986
6/7/2017,52.61800137
6/6/2017,55.886356
6/5/2017,48.69706536
6/4/2017,43.267617
6/3/2017,42.50725821
6/2/2017,44.27134824
6/1/2017,44.169429
5/31/2017,42.2374238
5/30/2017,40.10390404
5/29/2017,41.66352462
5/28/2017,37.30120541
5/27/2017,33.69304084
5/26/2017,39.85093443
5/25/2017,39.93954065
5/24/2017,44.74302993
5/23/2017,56.05103629
5/22/2017,35.9936328
5/21/2017,34.29835
5/20/2017,34.439229
5/19/2017,31.7196
5/18/2017,30.10157012
5/17/2017,26.47019822
5/16/2017,25.64162483
5/15/2017,27.29712
5/14/2017,28.35591288
5/13/2017,28.41424799
5/12/2017,28.56046975
5/11/2017,29.54049305
5/10/2017,30.02569717
5/9/2017,27.91840692
5/8/2017,29.279335
5/7/2017,32.40945353
5/6/2017,28.68364677
5/5/2017,27.86710057
5/4/2017,26.14892794
5/3/2017,25.37408302
5/2/2017,22.978688
5/1/2017,22.31769783
4/30/2017,23.71130785
4/29/2017,22.92102831
4/28/2017,22.57822643
4/27/2017,21.37112308
4/26/2017,19.44866188
4/25/2017,19.7325693
4/24/2017,19.6624023
4/23/2017,20.03331112
4/22/2017,19.99472251
4/21/2017,20.44619201
4/20/2017,19.99377926
4/19/2017,20.21735256
4/18/2017,20.78825486
4/17/2017,20.1321642
4/16/2017,20.03764325
4/15/2017,20.7113925
4/14/2017,20.53666989
4/13/2017,21.51228366
4/12/2017,21.8689408
4/11/2017,21.47254542
4/10/2017,22.05403547
4/9/2017,20.99616659
4/8/2017,20.95734284
4/7/2017,19.62195773
4/6/2017,19.42352564
4/5/2017,19.7757294
4/4/2017,20.45669391
4/3/2017,20.0907135
4/2/2017,19.18953743
4/1/2017,20.76290322
3/31/2017,19.97217726
3/30/2017,19.7209286
3/29/2017,20.9263402
3/28/2017,19.64984406
3/27/2017,19.2801168
3/26/2017,19.392
3/25/2017,19.86799808
3/24/2017,20.71896706
3/23/2017,21.71419618
3/22/2017,21.24351184
3/21/2017,21.25811478
3/20/2017,22.29571357
3/19/2017,23.01731967
3/18/2017,20.00455779
3/17/2017,21.90878512
3/16/2017,22.33931392
3/15/2017,19.16901284
3/14/2017,17.81655797
3/13/2017,18.25919216
3/12/2017,16.87257515
3/11/2017,14.74804248
3/10/2017,13.23608333
3/9/2017,13.07058938
3/8/2017,12.4872429
3/7/2017,13.62642322
3/6/2017,15.469729
3/5/2017,15.33156645
3/4/2017,13.6575558
3/3/2017,13.99725655
3/2/2017,13.1783904
3/1/2017,12.31539612
2/28/2017,12.42194979
2/27/2017,12.12782998
2/26/2017,12.0192357
2/25/2017,11.9460096
2/24/2017,11.95363806
2/23/2017,12.98924175
2/22/2017,12.92617309
2/21/2017,12.42192273
2/20/2017,12.11702788
2/19/2017,13.04232
2/18/2017,13.41626944
2/17/2017,13.48810331
2/16/2017,13.17608505
2/15/2017,13.65059735
2/14/2017,13.0347296
2/13/2017,12.29229958
2/12/2017,12.3590155
2/11/2017,12.361404
2/10/2017,12.05655232
2/9/2017,12.074556
2/8/2017,12.6363225
2/7/2017,12.55059245
2/6/2017,12.71849851
2/5/2017,12.61814349
2/4/2017,12.501478
2/3/2017,12.73170798
2/2/2017,13.09491928
2/1/2017,13.23039101
1/31/2017,12.8981862
1/30/2017,12.69218204
1/29/2017,12.54481611
1/28/2017,12.78089517
1/27/2017,12.071963
1/26/2017,11.93863213
1/25/2017,11.74346728
1/24/2017,11.7303081
1/23/2017,12.14003304
1/22/2017,12.18440364
1/21/2017,12.01965042
1/20/2017,11.905182
1/19/2017,12.17619508
1/18/2017,12.09624405
1/17/2017,12.39543808
1/16/2017,10.7220309
1/15/2017,10.7556736
1/14/2017,11.0711931
1/13/2017,11.22921842
1/12/2017,11.90981106
1/11/2017,11.6209035
1/10/2017,13.35039255
1/9/2017,13.56445001
1/8/2017,13.46884875
1/7/2017,13.09521528
1/6/2017,13.91094226
1/5/2017,16.0808637
1/4/2017,17.9080866
1/3/2017,16.0151628
1/2/2017,15.89184568
1/1/2017,13.99844248
12/31/2016,13.81023398
12/30/2016,12.9681831
12/29/2016,13.09351859
12/28/2016,14.07387187
12/27/2016,12.61373579
12/26/2016,10.17099684
12/25/2016,9.6459561
12/24/2016,9.601796844
12/23/2016,9.49189
12/22/2016,8.84124876
12/21/2016,8.244225
12/20/2016,8.4257575
12/19/2016,8.61868854
12/18/2016,8.5823306
12/17/2016,8.318886
12/16/2016,8.452507277
12/15/2016,8.402337818
12/14/2016,8.37081348
12/13/2016,8.156682
12/12/2016,8.0370305
12/11/2016,7.8973219
12/10/2016,7.749860691
12/9/2016,7.917328464
12/8/2016,7.748941205
12/7/2016,7.84616966
12/6/2016,7.46229136
12/5/2016,7.812939341
12/4/2016,7.716012
12/3/2016,8.162680135
12/2/2016,8.110535667
12/1/2016,8.473605985
11/30/2016,8.90249382
11/29/2016,7.5779812
11/28/2016,7.82723466
11/27/2016,7.87614828
11/26/2016,7.580100752
11/25/2016,7.50410967
11/24/2016,7.735171519
11/23/2016,7.86145178
11/22/2016,7.65178386
11/21/2016,6.773027312
11/20/2016,6.56416852
11/19/2016,6.54654
11/18/2016,6.6958812
11/17/2016,6.723049265
11/16/2016,6.506074922
11/15/2016,7.3528297
11/14/2016,7.6997908
11/13/2016,7.08154218
11/12/2016,7.339598508
11/11/2016,6.823621914
11/10/2016,6.09085675
11/9/2016,6.1724325
11/8/2016,6.299027455
11/7/2016,5.7001946
11/6/2016,4.9482121
11/5/2016,5.012124362
11/4/2016,4.834576
11/3/2016,4.879383098
11/2/2016,4.4896936
11/1/2016,4.693836
10/31/2016,5.06518561
10/30/2016,5.494953298
10/29/2016,5.119353757
10/28/2016,5.69579664
10/27/2016,6.195824389
10/26/2016,6.13134902
10/25/2016,6.04767372
10/24/2016,6.36828236
10/23/2016,6.43290584
10/22/2016,6.492831855
10/21/2016,6.75193131
10/20/2016,6.535437458
10/19/2016,6.59630192
10/18/2016,6.54456145
10/17/2016,6.260761609
10/16/2016,6.3321927
10/15/2016,6.540199921
10/14/2016,6.918088
10/13/2016,6.9044778
10/12/2016,7.257226995
10/11/2016,7.255206
10/10/2016,6.873328
10/9/2016,7.4732014
10/8/2016,6.830600724
10/7/2016,6.86523973
10/6/2016,7.139925
10/5/2016,6.71563031
10/4/2016,7.6141626
10/3/2016,7.9389684
10/2/2016,8.25395492
10/1/2016,8.393567918
9/30/2016,8.393567918
9/29/2016,8.699444
9/28/2016,9.386204372
9/27/2016,9.271167223
9/26/2016,9.339631935
9/25/2016,10.212609
9/24/2016,10.45120045
9/23/2016,10.77674274
9/22/2016,10.16984692
9/21/2016,9.94998178
9/20/2016,11.17237654
9/19/2016,10.530856
9/18/2016,9.42704
9/17/2016,9.643616801
9/16/2016,8.87093574
9/15/2016,9.4889444
9/14/2016,10.496625
9/13/2016,10.95390703
9/12/2016,10.02557633
9/11/2016,10.65304846
9/10/2016,12.1955297
9/9/2016,12.42838181
9/8/2016,12.74651213
9/7/2016,11.83236884
9/6/2016,12.3468704
9/5/2016,13.31201996
9/4/2016,13.31201996
9/3/2016,10.77388772
9/2/2016,10.12441144
9/1/2016,7.986602511
8/31/2016,8.5212975
8/30/2016,8.4946725
8/29/2016,8.379898785
8/28/2016,9.411949732
8/27/2016,5.247251695
8/26/2016,4.191414792
8/25/2016,4.122049057
8/24/2016,4.459212166
8/23/2016,4.694049095
8/22/2016,3.800372486
8/21/2016,2.51164944
8/20/2016,2.421455891
8/19/2016,2.293014984
8/18/2016,2.175759583
8/17/2016,2.227850675
8/16/2016,2.192764614
8/15/2016,2.190075409
8/14/2016,1.991240135
8/13/2016,1.976568966
8/12/2016,1.947166421
8/11/2016,1.964712288
8/10/2016,2.011392247
8/9/2016,2.03081382
8/8/2016,1.903705076
8/7/2016,1.889049122
8/6/2016,1.900931525
8/5/2016,1.7849863
8/4/2016,1.843616
8/3/2016,1.564814537
8/2/2016,1.4822244
8/1/2016,1.697131206
7/31/2016,1.825020903
7/30/2016,1.9116364
7/29/2016,1.885204793
7/28/2016,1.848122793
7/27/2016,1.942515044
7/26/2016,1.823472
7/25/2016,1.848598402
7/24/2016,1.881868921
7/23/2016,1.890277138
7/22/2016,1.82830935
7/21/2016,1.737064239
7/20/2016,1.76562841
7/19/2016,1.903766325
7/18/2016,1.951906099
7/17/2016,1.990066867
7/16/2016,1.984057624
7/15/2016,1.99383323
7/14/2016,2.009951814
7/13/2016,1.932420449
7/12/2016,1.97528577
7/11/2016,1.989795688
7/10/2016,1.896500645
7/9/2016,1.938306749
7/8/2016,1.97155647
7/7/2016,1.898340828
7/6/2016,1.945247811
7/5/2016,1.730694947
7/4/2016,1.703235815
7/3/2016,1.69767833
7/2/2016,1.747896686
7/1/2016,1.660459287
6/30/2016,1.576802847
6/29/2016,1.53275801
6/28/2016,1.492141142
6/27/2016,1.484299675
6/26/2016,1.490322098
6/25/2016,1.543544512
6/24/2016,1.567458648
6/23/2016,1.565880731
6/22/2016,1.509701949
6/21/2016,1.612509624
6/20/2016,1.80335045
6/19/2016,1.8579136
6/18/2016,2.027337511
6/17/2016,1.772326917
6/16/2016,1.572858922
6/15/2016,1.4685628
6/14/2016,1.383458078
6/13/2016,1.283284894
6/12/2016,1.25217819
6/11/2016,1.1507833
6/10/2016,1.147633075
6/9/2016,1.115484899
6/8/2016,1.002496764
6/7/2016,1.013790614
6/6/2016,1.005626405
6/5/2016,1.003688243
6/4/2016,0.97534524
6/3/2016,0.9444931692
6/2/2016,0.92672114
6/1/2016,0.912815
5/31/2016,0.92965632
5/30/2016,0.8988136344
5/29/2016,0.868340004
5/28/2016,0.9102088899
5/27/2016,0.8562373335
5/26/2016,0.8578389906
5/25/2016,0.863760961
5/24/2016,0.8968149603
5/23/2016,0.9071682117
5/22/2016,0.93769366
5/21/2016,0.975946965
5/20/2016,0.9430998528
5/19/2016,0.8481672
5/18/2016,0.8380061716
5/17/2016,0.8121323076
5/16/2016,0.82171276
5/15/2016,0.82337922
5/14/2016,0.8382898013
5/13/2016,0.8485807239
5/12/2016,0.87748904
5/11/2016,0.8605244709
5/10/2016,0.8301859488
5/9/2016,0.8218079552
5/8/2016,0.849567161
5/7/2016,0.879906663
5/6/2016,0.8691084424
5/5/2016,0.907840245
5/4/2016,0.911393178
5/3/2016,0.9102322
5/2/2016,0.9629840754
5/1/2016,0.91699884
4/30/2016,0.9173156993
4/29/2016,0.8863575603
4/28/2016,0.9044916062
4/27/2016,0.9451943436
4/26/2016,0.8928049194
4/25/2016,0.9532551105
4/24/2016,1.017003016
4/23/2016,1.040360513
4/22/2016,0.98494
4/21/2016,0.9809701
4/20/2016,1.064246702
4/19/2016,1.114494011
4/18/2016,1.113164
4/17/2016,1.036211403
4/16/2016,0.978699956
4/15/2016,0.9968865795
4/14/2016,1.00819278
4/13/2016,1.034325611
4/12/2016,0.9525372468
4/11/2016,1.020162315
4/10/2016,1.091352128
4/9/2016,1.12508233
4/8/2016,1.229856
4/7/2016,1.5024366
4/6/2016,1.506799005
4/5/2016,1.50923533
4/4/2016,1.5770125
4/3/2016,1.550862071
4/2/2016,1.51679676
4/1/2016,1.456989249
3/31/2016,1.395749707
3/30/2016,1.436000517
3/29/2016,1.496400923
3/28/2016,1.485643799
3/27/2016,1.523531054
3/26/2016,1.686878394
3/25/2016,1.59653742
3/24/2016,1.677643846
3/23/2016,1.444359651
3/22/2016,1.383840595
3/21/2016,1.477891183
3/20/2016,1.516545646
3/19/2016,1.207359278
3/18/2016,1.141813514
3/17/2016,1.263873279
3/16/2016,1.145592494
3/15/2016,1.133257786
3/14/2016,1.11175406
3/13/2016,1.244774518
3/12/2016,1.150347422
3/11/2016,1.090869651
3/10/2016,1.09308992
3/9/2016,1.24721044
3/8/2016,1.1817225
3/7/2016,1.064572894
3/6/2016,1.19832569
3/5/2016,1.0893867
3/4/2016,1.0893867
3/3/2016,1.08813081
3/2/2016,0.8224128
3/1/2016,0.8412125
2/29/2016,0.8661077
2/28/2016,0.8676768
2/27/2016,0.82894761
2/26/2016,0.814752
2/25/2016,0.80678655
2/24/2016,0.80475822
2/23/2016,0.7547991
2/22/2016,0.78099714
2/21/2016,0.7818455
2/20/2016,0.81797366
2/19/2016,0.8202007
2/18/2016,0.77244412
2/17/2016,0.7313504
2/16/2016,0.93401292
2/15/2016,0.7905744
2/14/2016,0.834705
2/13/2016,0.81208623
2/12/2016,0.61399854
2/11/2016,0.51669866
2/10/2016,0.47495466
2/9/2016,0.4616484
2/8/2016,0.47884481
2/7/2016,0.477
2/6/2016,0.47824686
2/5/2016,0.491645
2/4/2016,0.50532946
2/3/2016,0.48920864
2/2/2016,0.49951395
2/1/2016,0.49710997
1/31/2016,0.4864068
1/30/2016,0.5089922
1/29/2016,0.51400098
1/28/2016,0.5658275
1/27/2016,0.608223
1/26/2016,0.58804677
1/25/2016,0.5812683
1/24/2016,0.61892424
1/23/2016,0.614376
1/22/2016,0.5371002
1/21/2016,0.54966978
1/20/2016,0.5245632
1/19/2016,0.5425344
1/18/2016,0.50036602
1/17/2016,0.44592768
1/16/2016,0.49292334
1/15/2016,0.4237285
1/14/2016,0.4862506
1/13/2016,0.48628736
1/12/2016,0.48738838
1/11/2016,0.480256
1/10/2016,0.49142505
1/9/2016,0.49103096
1/8/2016,0.4866525
1/7/2016,0.489904
1/6/2016,0.50645124
1/5/2016,0.49988908
1/4/2016,0.49972967
1/3/2016,0.49397184
1/2/2016,0.52763035
1/1/2016,0.49498862
12/31/2015,0.4524345
12/30/2015,0.43776352
12/29/2015,0.4512519
12/28/2015,0.44506176
12/27/2015,0.44959616
12/26/2015,0.44577252
12/25/2015,0.4828406
12/24/2015,0.483665
12/23/2015,0.46291776
12/22/2015,0.4724958
12/21/2015,0.4906384
12/20/2015,0.51201878
12/19/2015,0.471036
12/18/2015,0.4948322
12/17/2015,0.49676913
12/16/2015,0.51878006
12/15/2015,0.55557788
12/14/2015,0.5364656
12/13/2015,0.46728253
12/12/2015,0.4579995
12/11/2015,0.45938256
12/10/2015,0.4321928
12/9/2015,0.45075538
12/8/2015,0.43418771
12/7/2015,0.42207319
12/6/2015,0.4348288
12/5/2015,0.44232
12/4/2015,0.3708924
12/3/2015,0.37009408
12/2/2015,0.3696567
12/1/2015,0.37721934
11/30/2015,0.39253182
11/29/2015,0.4011984
11/28/2015,0.39086025
11/27/2015,0.3874969
11/26/2015,0.40336582
11/25/2015,0.3890887
11/24/2015,0.3893946
11/23/2015,0.38785252
11/22/2015,0.392282
11/21/2015,0.390494
11/20/2015,0.3896684
11/19/2015,0.40524286
11/18/2015,0.41587035
11/17/2015,0.42480512
11/16/2015,0.43603394
11/15/2015,0.42879304
11/14/2015,0.420246
11/13/2015,0.45089262
11/12/2015,0.4416927
11/11/2015,0.4431713
11/10/2015,0.4600688
11/9/2015,0.4651949
11/8/2015,0.49525185
11/7/2015,0.44988069
11/6/2015,0.4381299
11/5/2015,0.433302
11/4/2015,0.509184
11/3/2015,0.4485066
11/2/2015,0.44579484
11/1/2015,0.423514
10/31/2015,0.40385436
10/30/2015,0.4541943
10/29/2015,0.45145188
10/28/2015,0.45483696
10/27/2015,0.413756
10/26/2015,0.3939137
10/25/2015,0.40861844
10/24/2015,0.3973902
10/23/2015,0.395612
10/22/2015,0.40648517
10/21/2015,0.39594142
10/20/2015,0.40244168
10/19/2015,0.40129052
10/18/2015,0.4077601
10/17/2015,0.42752081
10/16/2015,0.41252512
10/15/2015,0.39369603
10/14/2015,0.39082356
10/13/2015,0.3895788
10/12/2015,0.3982122
10/11/2015,0.3824931
10/10/2015,0.38871322
10/9/2015,0.39263488
10/8/2015,0.3883971
10/7/2015,0.3932544
10/6/2015,0.41349789
10/5/2015,0.415449
10/4/2015,0.4022796
10/3/2015,0.41123295
10/2/2015,0.41110433
10/1/2015,0.4036293
9/30/2015,0.4029572
9/29/2015,0.43786512
9/28/2015,0.44982234
9/27/2015,0.44181141
9/26/2015,0.44306995
9/25/2015,0.45373938
9/24/2015,0.46772
9/23/2015,0.46411666
9/22/2015,0.47143932
9/21/2015,0.48554405
9/20/2015,0.48655824
9/19/2015,0.4945
9/18/2015,0.5023736
9/17/2015,0.50032635
9/16/2015,0.5103399
9/15/2015,0.5014654
9/14/2015,0.48289384
9/13/2015,0.46069796
9/12/2015,0.46394504
9/11/2015,0.49488
9/10/2015,0.49689012
9/9/2015,0.50601705
9/8/2015,0.51967888
9/7/2015,0.49839425
9/6/2015,0.50602968
9/5/2015,0.48298
9/4/2015,0.46864716
9/3/2015,0.4591056
9/2/2015,0.47188162
9/1/2015,0.45865552
8/31/2015,0.46868454
8/30/2015,0.461206
8/29/2015,0.47860104
8/28/2015,0.4841485
8/27/2015,0.46661157
8/26/2015,0.4969858
8/25/2015,0.4936836
8/24/2015,0.43160376
8/23/2015,0.5470471
8/22/2015,0.555324
8/21/2015,0.56994909
8/20/2015,0.59803606
8/19/2015,0.53643888
8/18/2015,0.5206368
8/17/2015,0.60680802
8/16/2015,0.61517622
8/15/2015,0.61364662
8/14/2015,0.613074
8/13/2015,0.5765664
8/12/2015,0.62782685
8/11/2015,0.6046645
8/10/2015,0.65606706
8/9/2015,0.694431
8/8/2015,0.681694
8/7/2015,0.74437506
8/6/2015,0.72616516
8/5/2015,0.61820487
8/4/2015,0.619305
8/3/2015,0.59310945
8/2/2015,0.62562112
8/1/2015,0.58475653
7/31/2015,0.57519959
7/30/2015,0.58552433
7/29/2015,0.591294
7/28/2015,0.61624496
7/27/2015,0.59888015
7/26/2015,0.58696638
7/25/2015,0.56947416
7/24/2015,0.57744198
7/23/2015,0.57202948
7/22/2015,0.5747976
7/21/2015,0.58922204
7/20/2015,0.54869465
7/19/2015,0.54405325
7/18/2015,0.5286689
7/17/2015,0.53510845
7/16/2015,0.53827293
7/15/2015,0.54105898
7/14/2015,0.5704992
7/13/2015,0.578043
7/12/2015,0.6304165
7/11/2015,0.53690924
7/10/2015,0.51997429
7/9/2015,0.49266144
7/8/2015,0.51284385
7/7/2015,0.5097792
7/6/2015,0.50560433
7/5/2015,0.5220945
7/4/2015,0.5079104
7/3/2015,0.492646
7/2/2015,0.49049858
7/1/2015,0.4997828
6/30/2015,0.5037375
6/29/2015,0.49210888
6/28/2015,0.47038904
6/27/2015,0.4923716
6/26/2015,0.48304424
6/25/2015,0.50235048
6/24/2015,0.5092028
6/23/2015,0.5264784
6/22/2015,0.53921008
6/21/2015,0.52455692
6/20/2015,0.538472
6/19/2015,0.514207
6/18/2015,0.5037552
6/17/2015,0.50097072
6/16/2015,0.50793279
6/15/2015,0.50581248
6/14/2015,0.49411961
6/13/2015,0.486444
6/12/2015,0.4700406
6/11/2015,0.46217538
6/10/2015,0.4763298
6/9/2015,0.4946781
6/8/2015,0.54213192
6/7/2015,0.5159959
6/6/2015,0.52512666
6/5/2015,0.4979436
6/4/2015,0.47652963
6/3/2015,0.44898854
6/2/2015,0.45328734
6/1/2015,0.45573689
5/31/2015,0.44889251
5/30/2015,0.44449065
5/29/2015,0.43783565
5/28/2015,0.4433625
5/27/2015,0.42048396
5/26/2015,0.4454919
5/25/2015,0.46057845
5/24/2015,0.47820078
5/23/2015,0.469576
5/22/2015,0.45742686
5/21/2015,0.461775
5/20/2015,0.50730652
5/19/2015,0.5132452
5/18/2015,0.53629961
5/17/2015,0.55665323
5/16/2015,0.59551282
5/15/2015,0.54618837
5/14/2015,0.49702448
5/13/2015,0.4813788
5/12/2015,0.4748291
5/11/2015,0.5110734
5/10/2015,0.5643468
5/9/2015,0.514165
5/8/2015,0.4883456
5/7/2015,0.47421374
5/6/2015,0.45698
5/5/2015,0.4690644
5/4/2015,0.46762308
5/3/2015,0.495686
5/2/2015,0.49455045
5/1/2015,0.498267
4/30/2015,0.5047594
4/29/2015,0.4915464
4/28/2015,0.4773392
4/27/2015,0.56057641
4/26/2015,0.55670272
4/25/2015,0.56371716
4/24/2015,0.57076496
4/23/2015,0.59490558
4/22/2015,0.5719525
4/21/2015,0.63249042
4/20/2015,0.6816477
4/19/2015,0.66561714
4/18/2015,0.6928317
4/17/2015,0.661122
4/16/2015,0.6777225
4/15/2015,0.67020016
4/14/2015,0.6467526
4/13/2015,0.69332705
4/12/2015,0.8019715
4/11/2015,0.82581655
4/10/2015,0.80095006
4/9/2015,0.76071875
4/8/2015,0.75477388
4/7/2015,0.83752972
4/6/2015,0.7935759
4/5/2015,0.88349114
4/4/2015,0.8580134
4/3/2015,0.94457004
4/2/2015,0.97082224
4/1/2015,1.00526175
3/31/2015,0.9073516
3/30/2015,0.8588988
3/29/2015,0.715352
3/28/2015,0.80716104
3/27/2015,0.79142448
3/26/2015,0.74769
3/25/2015,0.77316914
3/24/2015,0.71295
3/23/2015,0.76564126
3/22/2015,0.7791234
3/21/2015,0.73606
3/20/2015,0.64258788
3/19/2015,0.6885603
3/18/2015,0.6436895
3/17/2015,0.7457436
3/16/2015,0.80879892
3/15/2015,0.6968025
3/14/2015,0.67569596
3/13/2015,0.6373125
3/12/2015,0.68600513
3/11/2015,0.7146614
3/10/2015,0.7888
3/9/2015,0.63625792
3/8/2015,0.491975
3/7/2015,0.4648728
3/6/2015,0.4853704
3/5/2015,0.46725699
3/4/2015,0.41239794
3/3/2015,0.419533
3/2/2015,0.43136517
3/1/2015,0.42806938
2/28/2015,0.4283643
2/27/2015,0.38498394
2/26/2015,0.3599968
2/25/2015,0.3712332
2/24/2015,0.33537
2/23/2015,0.388233
2/22/2015,0.3180925
2/21/2015,0.30627168
2/20/2015,0.31102316
2/19/2015,0.2838962
2/18/2015,0.24971324
2/17/2015,0.2549773969
2/16/2015,0.2525371968
2/15/2015,0.25306662
2/14/2015,0.2801190891
2/13/2015,0.257382
2/12/2015,0.248645
2/11/2015,0.2329425532
2/10/2015,0.2448866178
2/9/2015,0.258673893
2/8/2015,0.2635067659
2/7/2015,0.2755581036
2/6/2015,0.2749684638
2/5/2015,0.2727469775
2/4/2015,0.29056
2/3/2015,0.2963870065
2/2/2015,0.3002337313
2/1/2015,0.3052208406
1/31/2015,0.2869586921
1/30/2015,0.2976739948
1/29/2015,0.3102996308
1/28/2015,0.2941432287
1/27/2015,0.32443142
1/26/2015,0.320141986
1/25/2015,0.3140312975
1/24/2015,0.2982804324
1/23/2015,0.2845735188
1/22/2015,0.2762144024
1/21/2015,0.2600982046
1/20/2015,0.2390877432
1/19/2015,0.2570119152
1/18/2015,0.2588807073
1/17/2015,0.2462177725
1/16/2015,0.2808404987
1/15/2015,0.263303035
1/14/2015,0.214656
1/13/2015,0.305996
1/12/2015,0.3620866976
1/11/2015,0.3776701143
1/10/2015,0.4208259239
1/9/2015,0.41567358
1/8/2015,0.4210128
1/7/2015,0.416856
1/6/2015,0.447816
1/5/2015,0.48574682
1/4/2015,0.4882883569
1/3/2015,0.53286
1/2/2015,0.44483011
1/1/2015,0.4848525055
12/31/2014,0.4288140203
12/30/2014,0.4940096716
12/29/2014,0.5121011828
12/28/2014,0.5671117534
12/27/2014,0.5165729368
12/26/2014,0.4457451772
12/25/2014,0.4724729972
12/24/2014,0.4220932032
12/23/2014,0.3792359803
12/22/2014,0.3310631865
12/21/2014,0.3320555538
12/20/2014,0.332304
12/19/2014,0.329049988
12/18/2014,0.356329
12/17/2014,0.3793372683
12/16/2014,0.3738252238
12/15/2014,0.3934520688
12/14/2014,0.3830921934
12/13/2014,0.3762788902
12/12/2014,0.3759680389
12/11/2014,0.4017655867
12/10/2014,0.4270583313
12/9/2014,0.4129411455
12/8/2014,0.467744
12/7/2014,0.4688332051
12/6/2014,0.4522726343
12/5/2014,0.4311347075
12/4/2014,0.4593665988
12/3/2014,0.5104715535
12/2/2014,0.5200536362
12/1/2014,0.4710749813
11/30/2014,0.5586698166
11/29/2014,0.557172
11/28/2014,0.5698286925
11/27/2014,0.5662409249
11/26/2014,0.5610357799
11/25/2014,0.5508671922
11/24/2014,0.4951920169
11/23/2014,0.5168815015
11/22/2014,0.5734723885
11/21/2014,0.5664436876
11/20/2014,0.5675781629
11/19/2014,0.5769927778
11/18/2014,0.603183984
11/17/2014,0.6015699365
11/16/2014,0.7096879682
11/15/2014,0.7129154651
11/14/2014,0.6412244896
11/13/2014,0.6090066484
11/12/2014,0.6244862212
11/11/2014,0.6700566291
11/10/2014,0.6891102481
11/9/2014,0.6929801802
11/8/2014,0.6287100493
11/7/2014,0.6010004018
11/6/2014,0.556605
11/5/2014,0.5449247748
11/4/2014,0.5357550198
11/3/2014,0.5914824825
11/2/2014,0.6143985266
11/1/2014,0.6009030215
10/31/2014,0.6468115037
10/30/2014,0.6202
10/29/2014,0.6670280269
10/28/2014,0.6694848038
10/27/2014,0.7392515691
10/26/2014,0.6965009864
10/25/2014,0.806104419
10/24/2014,0.8140590958
10/23/2014,0.9229093882
10/22/2014,0.9494484976
10/21/2014,0.962389088
10/20/2014,0.9633451349
10/19/2014,0.9675540302
10/18/2014,0.970124653
10/17/2014,1.020551413
10/16/2014,1.018797016
10/15/2014,0.958130702
10/14/2014,0.969074
10/13/2014,1.005078692
10/12/2014,1.033788428
10/11/2014,1.049403532
10/10/2014,1.051271962
10/9/2014,0.989384478
10/8/2014,0.9932063662
10/7/2014,0.9734106131
10/6/2014,1.07119761
10/5/2014,1.030369981
10/4/2014,1.138415836
10/3/2014,1.197126478
10/2/2014,1.192575438
10/1/2014,1.172593419
9/30/2014,1.277628565
9/29/2014,1.232099231
9/28/2014,1.329287553
9/27/2014,1.390941417
9/26/2014,1.521470023
9/25/2014,1.352236624
9/24/2014,1.430388957
9/23/2014,1.369754794
9/22/2014,1.242208633
9/21/2014,1.35575
9/20/2014,1.401478988
9/19/2014,1.709473959
9/18/2014,1.761126041
9/17/2014,1.849180571
9/16/2014,1.893278824
9/15/2014,1.91746478
9/14/2014,1.817937977
9/13/2014,1.858146457
9/12/2014,1.864408047
9/11/2014,1.930245772
9/10/2014,1.971895796
9/9/2014,1.778768578
9/8/2014,1.925348472
9/7/2014,1.852071059
9/6/2014,1.9089135
9/5/2014,1.945614037
9/4/2014,2.035920038
9/3/2014,2.129614226
9/2/2014,2.093732251
9/1/2014,2.191992
8/31/2014,2.348459537
8/30/2014,2.464097946
8/29/2014,2.18506737
8/28/2014,2.195435576
8/27/2014,1.959174
8/26/2014,2.027721095
8/25/2014,2.166955561
8/24/2014,1.982937658
8/23/2014,1.78588744
8/22/2014,1.644261203
8/21/2014,1.749444007
8/20/2014,1.868652496
8/19/2014,1.72836375
8/18/2014,1.609312288
8/17/2014,1.646978804
8/16/2014,1.768072806
8/15/2014,1.836735936
8/14/2014,2.062450477
8/13/2014,2.084353547
8/12/2014,2.119812172
8/11/2014,2.133629378
8/10/2014,2.038709185
8/9/2014,2.096081316
8/8/2014,2.1627375
8/7/2014,2.143309546
8/6/2014,2.209193831
8/5/2014,2.273160046
8/4/2014,1.998725284
8/3/2014,2.276222189
8/2/2014,2.486771851
8/1/2014,2.63586595
7/31/2014,2.596729647
7/30/2014,2.651434721
7/29/2014,2.692082419
7/28/2014,2.780270735
7/27/2014,2.67651
7/26/2014,2.732974431
7/25/2014,2.80228491
7/24/2014,2.46411
7/23/2014,2.960847324
7/22/2014,3.259155076
7/21/2014,3.09233406
7/20/2014,2.646329336
7/19/2014,2.873437811
7/18/2014,2.55922033
7/17/2014,3.097620825
7/16/2014,2.790280141
7/15/2014,2.2225
7/14/2014,1.949926054
7/13/2014,1.790651547
7/12/2014,1.696601566
7/11/2014,1.786642558
7/10/2014,1.917563391
7/9/2014,2.04687
7/8/2014,2.327929
7/7/2014,2.034868469
7/6/2014,2.478366862
7/5/2014,2.439200446
7/4/2014,2.693944157
7/3/2014,2.493142902
7/2/2014,2.09006116
7/1/2014,2.199563303
6/30/2014,2.33387972
6/29/2014,2.39894
6/28/2014,2.445087379
6/27/2014,2.124062315
6/26/2014,3.073740938
6/25/2014,3.42885314
6/24/2014,3.208237229
6/23/2014,3.946242887
6/22/2014,4.325482
6/21/2014,5.203598228
6/20/2014,4.384217498
6/19/2014,3.147072
6/18/2014,2.601902
6/17/2014,2.782352953
6/16/2014,3.068017971
6/15/2014,2.7779785
6/14/2014,2.600685452
6/13/2014,2.073696093
6/12/2014,1.84898
6/11/2014,1.678967163
6/10/2014,1.708502329
6/9/2014,1.504866955
6/8/2014,1.287847142
6/7/2014,1.39131205
6/6/2014,1.2578
6/5/2014,1.591987745
6/4/2014,1.758467766
6/3/2014,1.800279
6/2/2014,1.499609387
6/1/2014,1.625847924
5/31/2014,1.782363274
5/30/2014,1.489612813
5/29/2014,1.693578971
5/28/2014,2.027624288
5/27/2014,2.053702248
5/26/2014,2.384954955
5/25/2014,3.107134269
5/24/2014,3.758523962
5/23/2014,2.468111678
5/22/2014,1.742949016
5/21/2014,1.451361914
5/20/2014,2.504041369